"","Date","Market","金融行业","房地产","机械行业","有色金属","农林牧渔","电子信息","酒店旅游","家电行业","汽车制造","发电设备","水泥行业","生物制药","电子器件","酿酒行业","环保行业","钢铁行业","化纤行业","飞机制造","农药化肥","传媒娱乐","综合行业","食品行业","煤炭行业","建筑建材","商业百货","仪器仪表","化工行业","交通运输","电力行业","石油行业","物资外贸","塑料制品","船舶制造","服装鞋类","其它行业","开发区","供水供气","NaN","印刷包装","医疗器械","公路桥梁","电器行业","家具行业","次新股","玻璃行业","MOM","vol_volatility_1m","volatility_1m","pe","circ_mv","dv_ratio","shibor_1m","shibor_6m","libor_1m","libor_6m","shibor_lpr_1y","benchmark"
"1","2014-02-28",-0.0800174453499883,-0.0200198716775966,-0.681229818758927,-0.020737269000134,-0.0513270319645457,0,0.0519264357011616,0,0.0249015876239137,-0.051116503857804,0.0323550120962238,0.132137411775007,-0.0644234047502528,0.080956495082502,0.0295272910420289,0,0.0315078451883014,0.0793239462309496,-0.0179388512608987,-0.016908538598948,0.0288317927952181,0.0398225996942203,0,0.0247918430009573,0.0172970091948329,-0.0070463504702375,-0.0164503883509543,0.0193617391143108,0.00292050992842306,0.0545023229841964,0.0464752146434699,-0.0182437677712501,0.0360630733404919,0.0122419323024615,-0.0112979133342728,0.00634369724081415,0.0669547381030668,0.0239071943543218,0.16043965529078,0.0235882745169176,-0.00261142796430463,0,-0.0787828796051841,0,0,0.0319563961207393,-0.0265645642155775,0.000598320913027567,-0.0181507374924371,0.00269729609142942,-0.0610976135901586,0.00788051568734786,0.0144896778527284,-0.0182628645750358,-0.0473973992646952,0.0503902819235636,-0.0143697818119108,0.011542
"2","2014-03-31",0.129656393366664,0.0124331060195886,1.55144431988294,0.0138842458072421,-0.0871497910862257,0,-0.0225892239654262,0,-0.00728618467642628,-0.052396520069644,-0.0540598180750767,-0.0397475868656441,0.0045326957345229,0.00267287939517315,-0.0384588636583372,0,-0.0877163161402634,-0.0313673692162886,-0.148596629466008,-0.0748443512575933,0.000268996358226735,-0.196209764024885,0,-0.032372736148075,-0.0234006668769291,-0.0813206114944478,0.00139987096362289,-0.0121542985247307,-0.0300068503241783,-0.00514640064330221,-0.0205781584969369,-0.0686973887262497,-0.127447027624758,-0.0557381174543241,-0.0837486074432834,-0.0431552395316174,-0.0270347663876947,-0.0766891947832851,-0.0760521513997755,-0.0125509913100882,-0.0104734498956284,0,0.0324045879904359,0,0,0.00794837341537242,-0.00718776991818715,0.0624997027634431,-0.0531305774627926,0.0244101963982371,-0.0443008593484274,0.00236523840332659,0.0352792995175105,-0.110761903966122,0.0326644776089229,-0.123220661414617,-0.0834869435747123,-0.00263
"3","2014-04-30",-0.130534867563407,-0.0727155613417902,0.00416771440621167,0.0215453312515019,0.0979302636046333,0,0.00501299096090363,0,-0.00390729766499887,-0.00182136886938712,0.0262303094121748,0.0361168396266931,-7.32928313063155e-05,-0.0259743752137213,-0.0252704487890593,0,0.027368610029494,0.00226246139649766,-0.0360513436338052,0.0229124832903666,-0.0208720962718845,0.00745928341737626,0,0.0133027747897077,-0.0071335225782231,0.00855520099436915,0.0013817612906916,0.0536929687617108,0.00275128045967197,-0.0161750212197907,0.0108518980262063,-0.00205179625658822,0.010169012728058,0.0159103499766526,0.00192322930349505,-0.0417357022311497,0.0466019330415949,0.0081397337220821,-0.0138466139406121,-0.0160203485445751,-0.128609334797087,0,-0.0517546417548463,0,0,0.0397263354487323,0.00209901149358488,0.00457863568507904,-0.0177776475743143,0.0235202893880285,-0.0434063011488718,0.00958602470299138,-0.204518296684231,0.204181147379964,0.155400707118973,-0.31051151572435,-0.0770065658776706,8.8e-05
"4","2014-05-30",-1.15653905225257,-0.00203161056970292,0.393240521970675,-0.0190822388390122,0.104041064155443,0,-0.00501746223694145,0,-0.146664253781578,0.00877842286670818,0.0212714842278507,0.0251084110133227,-0.018840672534124,-0.0108857033564829,0.0841823015469143,0,-0.0710998416126106,0.0172038789503034,0.026181076571115,-0.0160212306963362,-0.0484328018911259,-0.0291087915700641,0,0.0120215514941002,0.0259549806531711,-0.0140120564563223,0.0133011192453765,-0.075602734725847,-0.0721268740889641,0.0891274143499001,0.0129260943038167,0.00195350190181237,0.0189626474720659,0.0618805863826573,-0.0392090279437774,0.00424018607322906,0.0612511328836496,-0.00687805845021814,-0.354900185564285,-0.00326248770156509,-0.00671553540315664,0,-0.0557574639616686,0,0,0.0140226553216709,-0.0218263602619284,-0.0267098965558315,0.0141929190462885,0.0525913738633589,-0.0854247707362617,0.0167861751516951,0.136673057558681,1.47354548243353,-1.33681093048131,0.72729043836441,-0.888255099615101,0.000603
"5","2014-06-30",-0.0509664476387268,0.0592273941186332,-1.18025324018854,0.0548891944683109,0.124078412690922,0,-0.0318479436330327,0,0.0476323367871478,0.0424768806535624,0.0190746700044601,0.0636457185902982,0.0402758663099822,0.0166526279292192,0.00826283004647204,0,0.0685172283427161,0.00524050080078857,0,-0.114368697995905,0.0201518003424223,0.0520760810111711,0,0.0559715904437361,0.0270556571710141,0.029770076786194,0.0466028254535955,0.0696252774393278,-0.00810283775243968,0.0140291046564772,0.118046650624488,0.00986539264598573,0.0248166034514199,0.0278375700720144,0.0254859440838377,0.047265556704489,-0.0557161726647551,0.0623357785405402,0.0515508168941089,0.00658563043998263,0.00216660073191272,0,-0.0390425088435303,0.0615124983193019,0,0.126606284523666,0.000842549353119424,0.0218778928037517,-0.0396211347516052,-0.0168153687199618,-0.0335971812856759,0.00750695982210468,0.078583564215984,-0.143640536332157,-0.082934440196033,0.0610958893261239,0.0253993520210634,0.006911
"6","2014-07-31",-0.00664047099173948,-0.00494020290100709,-0.0805648305094592,0.00923635312887887,-0.040749087797344,0,-0.00149441675817165,0,0.0140828347362352,0.0265535527397362,0.00666230874628008,-0.0141424171520555,0.0067890278081879,-0.020679683252586,0.0120939099030862,0,-0.00768939698087801,0.00828085038613493,0,0.0119418183136587,0.0046542895549499,-0.0104240337859588,0,-0.000369884450717644,0.00724069219523117,0.00609076635518441,0.00216544662301135,-0.0259198923310175,0.0127448033197381,-0.0100968510892013,-0.0402605507014726,0.0810454306263393,-0.0108113156233073,0.0104747574474217,0.0418433168213092,0.0217449898333701,-0.0135567606828767,-0.0152810082043814,0.0117809748291978,-0.0346583845279596,0.0216974867544194,0,0.0257156505045003,0.00274104253618571,0,-0.0139415864146622,-0.022041961040256,-0.00429554369160676,-0.00260819541144503,0.016154105875617,-0.0171978075785227,0.00606697187000188,-0.0575241757915539,0.183124304009057,0.105213556785285,-0.0176674152897665,-0.0483686891177674,0.012162
"7","2014-08-29",0.0514611106228444,-0.0472031476410483,0.285928103321229,-0.0106915620040905,-0.00482241502561485,0,0.0274863544984132,0,-0.00882958447840384,-0.00814609327964265,-0.0122793379629028,-0.0240741162636776,0.00147764937864727,0.0398589600255961,-0.00597080652999387,0,-0.00588845214619902,0.0171775460528589,0,-0.105619337208819,-0.0215651056401947,-0.0109289048426218,0,0.0107157162914087,-0.0150679748095703,-0.0219117898890096,-0.0264091031058383,-0.0903812306012058,-0.0108671173358626,0.00574101539381809,-0.0132513677544714,0.0141275269101115,-0.0330748686646796,-0.0480587122543085,-0.00922809287018713,-0.0330179148330432,-0.00229970279975225,0.227396838191394,-0.0237999174873935,-0.0803167494273406,0.00351467180040206,0,-0.0598896123676022,0.113143100486719,0,-0.012974465127123,0.0176006919040773,0.0158682255164613,-0.0258844440592122,-0.00987992607706121,-0.0467378903828458,-0.00826034551846706,-0.0190142979520358,0.0591280702222291,0.197021194998407,-0.294020922669491,-0.169237378791889,0.011686
"8","2014-09-30",0.0250990863559782,-0.0598793164716088,1.05867745907428,-0.0244189102351902,0.0609621636258848,0,-0.0322973513336505,0,-0.0351420471179925,-0.0377651696436847,-0.0167647444162921,-0.0332095735022624,0.00825102693220392,-0.0432397172339751,-0.0270083848459479,0,-0.0735498315035607,-0.0353789755117799,0,-0.0647036154871242,-0.0346059174140753,-0.041218277870217,0,-0.0345116519725204,-0.0407188857356599,-0.0070745409216369,-0.0228960850494906,0.0336098260008917,-0.0318076317944226,-0.0147690146162945,-0.03878383940574,-0.0135778497557483,-0.0348927334006201,-0.0448034088683643,-0.0114353291616664,-0.0330037508248975,-0.0429987534003327,-0.0701384854301273,0.00902397665225585,-0.0387113809465039,-0.00253536552423075,0,-0.0265080843247464,-0.0288905462461192,0,-0.0732852823190303,0.00617809298163549,-0.000849016020095289,0.000130952220856114,-0.021419448569577,-0.0338693032960758,-0.00309692169797108,0.0737674288220211,-0.21426700542868,0.038548235457376,0.0242553860985763,0.181959413305952,0.001303
"9","2014-10-31",0.168690643266295,0.241011962500026,-0.925425537075156,-0.00704498772198931,0.0534791059078294,0,0.0267104818934868,0,0.111981578937846,0.00194699111264369,0.00788417526276734,0.0314490858471304,0.0931412197143999,-0.0660187420195973,0.00873676081429033,0,0.151581994037273,-0.00648237649364746,0,0.0185757439959599,-0.0173274431159926,0.00571397647185956,0,0.0229959026102357,0.0477301353563203,0.0278252541404861,-0.0404704255602873,-0.013696844458861,0.0225322818154824,-0.0175940675168279,-0.0281851805053834,-0.0431921723102782,0.0950087443884905,0.0401446791039983,-0.00739495488650829,0.0551873394674829,0.079849015547716,0.00773964217731543,0.0525758852675145,0.114769496371682,-0.0082574164118048,0,-0.0937493612289368,-0.000918558565839037,0,-0.0428133848711268,0.0415798369658552,0.0135802210181924,0.0101445419159313,0.0198529759225958,-0.0465147041261343,0.00888547369384411,0.296491275055664,-0.443210375630407,-0.182484425786519,-0.04693432167258,-0.064082286602527,0.015958
"10","2014-11-28",0.297863770664856,0.0183915993223973,1.39477124495192,-0.0405397071034398,0.0470936328360369,0,-0.0933015337228602,0,0.0171835911361077,-0.0689690716472526,-0.0229259732407787,-0.0468699730848433,-0.158007648613074,-0.0971324443855977,-0.0303828180766082,0,0.00761692167392233,-0.140882993899277,0,-0.0413574248344236,0.0321568411303686,-0.0647313018216217,0,-0.0754075036840922,-0.0456754347023355,-0.000183341747323537,0.095117412414806,-0.156660401809672,-0.073369154526851,0.00534569316472598,-0.0283116979564724,0.00941033188407999,-0.0155772640232916,-0.034289406775221,-0.0952860808908204,-0.080959469292745,-0.109400587372237,-0.0580305308218801,0.0180994378291885,-0.01286590720896,-0.0402923483034825,0,-0.00295619304892963,0.130522444967346,0,-0.141342938716813,0.000411669451800598,0.0529877909222672,0.0436127181702774,-0.0147816632910483,-0.0317326693180387,-0.00667714882321308,0.439852768279987,-0.0727004747593576,-0.330908365904886,0.552028300361207,-0.169368604262822,0.019724
"11","2014-12-31",0.295331680935059,-0.0608012013534271,0.436330822530013,0.0278228206964402,0.0643722925982977,0,0.0340473665955694,0,-0.0317202163872451,-0.0136881642586869,-0.0185352843467402,0.00486279270742,0.0195725641113783,-0.0989704967315381,0.00254477804728062,0,-0.0194931470388896,-0.0352370804928522,0,-0.0308272286439761,-0.0188963570306861,-0.0138070237576505,0,-0.00526444118345931,-0.010564777102014,0.0195225775669116,0.0402843082930292,-0.0602887360421421,-0.0522410464310289,0.0103909864852234,1.03109768054979e-05,0.051716460505815,-0.0885566402905753,-0.0638541823528648,-0.0462235599264215,-0.00893775956466592,0.037653889109416,-0.040878070148016,0.0207840123142942,-0.0331460256962341,0.062741950044391,-0.0388024577633647,-0.0168073115677073,0.0293001658251738,0,-0.0544168902972732,-0.00870049897493325,-0.00658419644514165,-0.0340314564919567,-0.011371299190836,-0.0449139845981788,0.00569751910762954,-0.047666754273533,-0.275178634405776,-0.0682974448086312,0.0311701261730117,0.120252934471595,0.022025
"12","2015-01-30",-0.0437033866333957,-0.00201804813568438,-0.0727934365919316,-0.00325746285999857,-0.0162723535497186,0,0.0301776781364937,0,0.026338528287866,0.020646972719891,-0.0131691590705036,0.000839584103857797,-6.38234400106918e-05,-0.00671444490956693,-0.0218117166473329,0,0.00989689117909898,0.0290053140164654,0,0.0162329835708108,0.0231171201304567,0.00337603921855977,0,-0.0176072420405692,0.0265725042808311,-0.0104532704903698,0.0219356836642493,-0.0380472984980622,-0.0294805392707187,-0.0169785545324078,0.000116514697261559,0.0577432001008775,-0.0244255612045671,0.0110916164618703,0.0269336390929225,0.0440126548076304,0.0192934523963029,-0.0100481995396407,-0.0225211917744214,-0.0215808013550597,-0.00574415292163122,0.0197256132181742,-0.0591427402532186,-0.0148473325098148,0,0.0199213395116085,0.00746289251501103,-0.0138141310953593,-0.00329198314338129,0.011036828287334,-0.020166874897766,-0.00493469170963878,0.010229458898775,-0.0205218047503494,0.132574498389525,-0.269615290062222,-0.0428961104680734,-0.013616
"13","2015-02-27",0.577272079913721,-0.0301934538421088,0.790924294269536,-0.0597336341496264,0.0039557704134618,0,-0.0308425713301235,0,-0.0355134052889524,-0.0399261686704159,-0.0439509891262639,-0.0289849514829176,-0.0396196011196349,-0.0768171317233145,0.0236158339516422,0,0.07479575999406,-0.0524670306556417,0,-0.0111507156488154,0.0261943906739122,0.0218769335137046,0,-0.0175884641888881,0.00212837416886626,-0.0339119257313256,-0.106232691884133,0.209817853588166,-0.00745908936452884,-0.208608891717924,-0.0400484512869931,0.0673155946438049,-0.0511643540011531,0.0345855080139241,-0.0183029927095875,-0.0199271155793027,-0.0621637914209969,0.0766471457794797,-0.0518193322140654,-0.103724745217399,-0.0821746405013433,-0.12324853608341,0.00825122628182853,0.13635114550265,0,-0.100885155856171,0.00444387773737335,-0.000814998542618519,0.00659810693334449,0.00471289658896614,-0.0130041552255968,0.0131049185032285,-0.119745654717783,-0.422398894595615,-0.0334348279962177,0.0447915476929549,0.197073716493064,0.001836
"14","2015-03-31",0.203936493272137,-0.101989013562076,0.498750943585089,0.0207903395631102,0.00205148859098761,0,0.0165504427527761,0,0.00669234713816825,-0.0121135224873532,-0.000542597802814982,-0.0212630046671821,0.0157010854088381,0.0666813128112162,-0.0213640108869331,0,-0.114335074644082,-0.0506834439832443,0,-0.17550314074286,0.126883002915254,-0.0864366202763168,0,-0.0091683998036015,0.00827982354911546,-0.00120495627336635,0.221121357288642,-0.0951097318238446,0.051499963636542,-0.0487954919343948,0.00511236637669913,-0.119669727455656,-0.0504107832558581,0.0424561509637813,0.0241400601927789,-0.027661788188267,-0.0837107023653006,-0.0929964070702469,0.014773455778933,-0.0327034459706322,0.0512977693113034,-0.064288422981379,-0.0191265205692192,0.0353310458816016,0,0.0209638509997916,-0.0333707293591865,0.0463808520672153,-0.0184310322543664,0.00844840400703489,-0.00149679274372741,0.03758841885149,0.0556098474837731,-0.188442317899788,-0.128915426763612,0.0278258918423155,-0.0310016578130033,-0.009044
"15","2015-04-30",0.0841493416098529,-0.0703696387580763,1.6430347574885,-0.0928471612850271,-0.0464388615977225,0,0.0149057906970799,0,-0.157448963308475,-0.0393601305081308,-0.0744181131093245,-0.098762467104375,-0.12473956660431,0.176084005512154,-0.010360374447813,0,0.0654449135322943,-0.0340176689494175,0,-0.0737253212141984,-0.0684434498434263,0.0550657190493529,0,-0.0565895967251196,-0.14286141262305,-0.0727217482890745,-0.0655864511706783,0.0380162812198568,-0.0776469168972397,-0.0973549374649626,-0.0593297331064141,-0.0712049634923158,0.139082602073051,-0.112831931492281,0.0112493530537816,-0.00991465706783154,-0.019399845207855,0.030883844880412,-0.106619070485978,-0.107846618820902,-0.0617699756638683,-0.0833905984741157,-0.00221137225336293,-0.0500738570116099,0,-0.0854818645295227,-0.00386322218855611,-0.00214274446199697,-0.0324529092644556,-0.0159661310913551,-0.0166882709362134,-0.00630035719247805,-0.178117498927175,0.210029659694042,-0.141604479488621,0.445373613879606,0.260038561218925,-0.005119
"16","2015-05-29",-0.211055635803892,0.0249536456756753,2.26613951168065,0.0125741250996158,0.0216151014175338,0,-0.216942387114986,0,-0.026364656572126,-0.0729018119187239,-0.0625903121739096,-0.07484670875515,-0.0595691152837651,0.0742869500365888,-0.13615666052042,0,0,-0.124068931399847,0,-0.0789701522566936,-0.166676891722648,-0.128684028067133,0,-0.0183252979710089,-0.0293525016753638,-0.0605805072065606,-0.154280940686596,-0.0325853572219551,-0.0501629346793709,-0.0666114288336574,-0.0850343301122288,0.14323375052241,-0.103969992413425,-0.11700548102569,-0.119545774908667,-0.0602187693425274,-0.144316136367403,-0.160937514606307,-0.0506203631466889,0,0.0739410818839942,-0.0955251257428718,-0.0195075364298243,-0.0580336819535379,0,-0.0423588362073836,-0.0283190561321377,0.0497331918091628,0.0145993018460534,-0.0471594925576427,-0.0473936503559878,-0.00512067132107719,-0.461838767073274,0.405282190457609,0.192809469611791,-0.183376735643717,-0.0750378560857724,0.001411
"17","2015-06-30",-0.313162383698267,0.154661148593848,-2.51225577376174,0.0242103362128149,0.068879836872281,0,0.129337590871997,0,0.0677363915852469,0.0728464080307722,0.0324690195226798,0.0669607790415148,-0.0883769402858393,0.243548182686617,0.0160130640300867,0,-0.212497725659166,0.0416906756790562,0,0.122212086531843,0.0952417354163053,0.0677936324713372,0,0.033737119378961,0.0431570194686536,0.0708584593814218,0.0510396079449645,0.208580873690438,0.0577160809867163,0.0330224430454666,0.114726064742887,0.050702928543997,0.0695516518005367,0.111777330310635,-0.0360372018667571,0.0638068951554122,0.0145030571396764,0.102937760120637,0.00411904541609744,0,0.0217813208159779,0.233259974104533,0.171496331874414,0.0700427449326165,0,0.118750045173055,-0.0168978110684761,-0.0192955666649322,0.0556944555818873,0.00209371726382738,-0.0436912890457365,0.00586712521061673,-0.0645941187927564,0.0718983392840482,0.500543183668865,-0.593677023612889,-0.0484117222174954,0.067147
"18","2015-07-31",-0.178153971754721,0.115158768762441,-1.20725466070257,0.108995038796691,0.0616908031974097,0,0.038629218005737,0,0.0700340123778811,0.0479436470849027,0.0190452821372904,0.00944437289456895,0.059934771339927,-0.0364114427223422,0.0230253495389864,0,-0.180922413100694,0.0850034708672626,0,0.155358329092691,0.0204621620123244,0.00557568096596823,0,0.0138593005722228,0.0255525650387274,0.0440645945992047,-0.0193743185083249,-0.0407299359013692,0.0701762649734492,0.0815104512816767,-0.0470662026316103,-0.00778099262764733,0.0912595087203538,0.0765123498199787,0.00340929179561169,-0.00672229406393115,-0.0324220849391205,0.0469322513912173,0.11745179837315,0,0,0.128996548541495,-0.0518984641870072,-0.0453383956539685,0,0.155895372857417,-0.0027393250447585,0.00791933780529348,0.0250915778775638,0.00422616120176318,-0.020660531517916,0.0411995863283939,-0.161864757433751,0.208069228513306,-0.110287270823343,0.0538164586209855,-0.0800942824614432,0.000337
"19","2015-08-31",-0.154752070551972,-0.00197933180779481,0.907218313329628,-0.0158943953004659,0.0126384300660641,0,-0.0392370522412613,0,-0.0204025178412063,-0.0162055559144626,-0.0928094035528117,-0.00736611202294298,-0.0165384141746609,-0.00356632443357769,0.0128698516193332,0,-0.0219932950647379,-0.0349313913323017,0,-0.413690056896457,-0.00343314492795175,-0.0683333968111855,0,0.0336230412964851,-0.0895433316418581,-0.0358022184701567,-0.0121707369655859,0.0256809682933622,-0.0335925311765207,0.0154874068241845,-0.0419685907465847,0.00897657554488866,-0.110496736715375,0.0132030873293059,0.0194078688861556,-0.00434843549612977,-0.00931995586020617,-0.00811423750790403,-0.0180363543438888,0,0,0.111928011498505,-0.0345392856385046,0,0,-0.00672074780337998,-0.0261795432182971,-0.0177663275549619,0.0416609217410834,0.0628556088079863,-0.0614210396723534,0.0157886124236521,0.0125871226560751,-0.0385273170989708,-0.0682997850323249,0.0713363369893175,0.0300363885262354,0.007256
"20","2015-09-30",0.121478870241712,-0.0606481350132097,2.33697205879606,0.00886404068470108,-0.142738364313156,0,-0.0574900563343114,0,-0.0448022535987222,-0.0491810217187111,-0.0562533753868031,-0.0370292976422024,0.0141561960123229,-0.0953918527541175,-0.10759143577323,0,-0.0247241266092317,-0.0542006933987361,0,-0.0179062945699563,-0.0182568194408105,-0.0481412686121802,0,-0.0531047698706075,-0.0438051939770366,-0.0439198935783985,-0.0809156533391195,-0.114043456182329,-0.0158371998385482,-0.068390861377458,0.0224109689902821,0.0845074267122388,-0.0544476920596072,-0.0695078766882715,-0.0112261257936851,-0.0254314678707523,-0.0111355990513944,-0.00681251298001904,-0.03395172735517,0,0,-0.947201170578767,0.0067625416795374,0,0,-0.0795870371685981,0.0188263901766461,-0.0138425002714236,0.0550337205402187,-0.0217793113428248,-0.0237446650623991,-0.00682028114553893,-0.0595392237202272,0.0556187412795939,0.0934244334746818,-0.0805679065222035,-0.0333040752008472,0.007579
"21","2015-10-30",-0.142652942478293,0.0754121804085173,0.64061028332881,-0.0297332053636875,0.028952283305497,0,-0.0585529472683333,0,-0.014221089400428,-0.0121556010944048,0.0243700144292491,-0.00604416614265132,0.0707542683685635,-0.0633006036635519,0.0211528846212758,0,-0.0787108934588365,-0.0200589960717478,0,-0.0207013788848968,-0.000783145457508091,-0.0726860887011454,0,0.0285678742574719,-0.118525673130607,-0.0211103002748775,-0.0177662321486756,-0.108590635068803,-0.0044532736465201,-0.0377878382293792,0.00773856700041251,-0.00538539621218251,-0.0365428383658459,-0.0501999897070062,-0.00420343827710193,0.0262671957796391,-0.0493417706982587,-0.0171698444647424,-0.00560517156615846,0,0,0.00940784650401755,-0.0222998476506717,0,0,-0.0573030330554327,0.00626566748823363,0.00212723048871159,0.0221318236507316,-0.00311709063305523,-0.0304830252384376,-0.0115016431212479,-0.133459293781985,0.00545015861724742,-0.0569173217941222,0.0235415453970426,0.000601675075586122,0.000218
"22","2015-11-30",-0.103085750108402,-0.0339930750983765,0.580557263714941,-0.015365364574278,0.064876252103733,0,-0.00034803039804634,0,0.00602609919604747,-0.0143854032173365,-0.0140506501902387,0.0191079244613462,0.0128367549743621,-0.0392003636590638,-0.0297234561747525,0,-0.0868418346178548,0.0178035311096911,0,-0.0543419323130692,-0.0225866925689258,0.00671797676856932,0,-0.0953644086848149,0.0727746877816688,-0.0270658104408661,0.0130272862081704,0.0222664936051458,-0.0215886894743483,-0.0224809590482428,0.0428122540832976,-0.0847020075256982,-0.0633317101431661,-0.0152756716070308,-0.0138788096725476,-0.0101904744935533,-0.0105832082312919,0.0354103914619085,-0.0531113899298569,0,0,-0.0470471644276305,-0.0131407125499531,-0.00640068701432816,0,-0.0992184094136105,-0.00671738533622571,-0.0167888899018586,0.00997287796852576,0.00971721684809484,-0.052866507025958,0.00172650283662215,-0.0673281503453044,0.00720814066002515,0.326491554086363,-0.342062715878087,-0.247004927349017,0.002648
"23","2015-12-31",-0.332370947145879,-0.0113956196164408,-0.69953153607671,0.000593273310084249,0.0687030210566413,0,0.00871549825925357,0,-0.00340706056315749,0.00635665129994493,0.0168515156817504,-0.0350457767269794,0.013641079495508,-0.0701890260137937,-0.0392155132198227,0.0601166683203227,0.128889520691536,0.0564585149807086,0,0.0139079587451707,0.0186055979914342,0.0205732747378124,0,-0.0271893644952579,0.0122165112427092,0.0227989157603243,-0.0123792648991846,0.0128555489219156,0.0102832711098911,0.0316832082211429,0.0601221346445535,0.0650062534860209,-0.0109833047430173,-0.048243885045461,-0.0120549669765707,0.0130167842639837,-0.0858527793655218,0.0185541065637736,0.0481846748665126,0,0.083159709611525,0.0662651021776962,-0.0077400159145938,0.130679051457085,0,0.0749902667592108,0.0220627978864556,-0.0230509873568779,0.00637500162865564,0.00267690959738251,-0.0548813771594324,-0.00550123252242521,0.128397123448525,-0.0828975689144139,0.0596737418776415,-0.122709222010446,-0.124439009307905,-0.009075
"24","2016-01-29",-0.130530536207698,-0.0350207953379449,-0.216641956214702,-0.025917987650787,-0.0400082604127736,0,0.00118177560590547,0,0.028874089778934,-0.00380800421564026,0.00621636863349649,0.0100462775353713,0.0614064851474418,-0.00685923574395975,0.00481052171551475,0.0812779150719585,0.00526580921461596,0.0223831724853692,0,0.0287271046076118,-0.0150440374372921,-0.010595307171521,0,0.00206847335916607,0.00922908374791895,0.0271926817038786,0.0246736674408866,-0.0415856756035985,-0.0311126384757547,0.0123252422874062,0.0671842810452495,0.0319020871234906,-0.0138946721213866,-0.00812438296179771,0.0257498027220861,-0.0207624860192662,-0.0433461599709213,-0.016636915586014,0.0287061375966508,0,0,0.0388809136705806,-0.0326908810452621,0.0537178823138946,0,-0.0097703768388059,-0.0104961967038899,0.0187245372842845,0.00128855660880969,-0.00815262045141847,-0.0258840098093966,-0.00750065450684107,0.051498452517041,-0.0657590625777624,0.00142191677724792,-0.0184887758012728,-0.0716567762134805,0.032355
"25","2016-02-29",0.0310382817907609,0.00616924898197123,-0.635301581281495,-0.0346729850091178,0.0353759492257292,0,0.00372416989543212,0,0.0411780377102115,-0.0119833950988002,0.0158153559605367,0.0455781128955743,0.0157121196736811,0.0399518355079818,0.00864029010099812,0.101033169788724,-0.0163928939434916,0.0870612255036057,0,-0.00228822161407972,0.0144816493762314,0.0272207236593366,0,-0.00763112079171433,0.0033782821050058,0.0312641121970629,-0.0514796005743398,0.0632265493030501,0.0538214020412048,0.02092253371358,-0.0698517243661519,0.000881430814484072,0.0132216318063167,0.012222896385059,0.0422639286002637,-0.00199607189714972,0.0172459697075103,0.0392186297322648,-0.0377847693134153,0,-0.0398200009495405,-0.043930610850997,-0.00344421801583143,0.0180366238871167,0,0.198931315133192,-0.0448684054379114,-0.0116650099232906,0.0436741443211935,-0.0237023974943767,-0.0101984810520611,-0.00494800298945447,-0.0384023392888284,-0.0433709501662054,0.0239104021687539,-0.004872176688504,0.0853561672206788,-0.023936
"26","2016-03-31",-0.144098529872067,0.0161908700115851,-0.432140567412963,0.00560334071155367,-0.342702545241089,0,-0.0434605145046867,0,0.0437070840738843,-0.000836888885780555,0.0107453875454403,0.0313397641772102,0.00665936318798621,0.0577607452294855,0.00722205431769817,0.148892583449402,0.0273319860780341,0.0109187775805617,0,0.00688588268935515,0.0195977753849214,0.0060000652268239,0,-0.0354517763023485,-0.0392970268922167,0.0150722378254641,0.0212366672141903,0.032135039910456,0.00813752665425107,0.0205201087926331,-0.0283540749188474,-0.0122913320739517,0.0351083995246166,0.015806868723084,0.01859633708066,-0.0139985690826849,-0.0288540750631179,0.00500086567299093,-0.0172617901763497,0,0.13002263195037,0.146505436017903,0.0212269428867316,0.0672476878420309,0,0.0591767307947126,-0.0543993560335828,-0.0222698704836252,0.025170837362343,0.00209958391385672,-0.0431990460862956,0.00344929519384081,-0.0662810800702012,-0.0165717272687565,0.0148767079688088,-0.0278829536504555,-0.0449629919323022,0.000564
"27","2016-04-29",0.0913693925894393,-0.0616399710335204,1.5726949954009,-0.0285743272213704,-0.0273855779950709,0,-0.0047961873266943,0,-8.67551398841543e-05,-0.0300918757022045,-0.11442994243707,-0.141839086236026,-0.0800925694797634,-0.0719960703967505,-0.00281381638353276,0.0300199963469284,-0.0977639205070426,-0.118409172200715,0,0.0274860370579919,-0.057778072052619,-0.0103567329403105,0,-0.045896431931585,-0.0451883754692044,-0.0423867502064176,-0.0307330669211169,0.116551234500446,-0.0878572947802619,-0.109907711620359,-0.0545329588385276,0.0143471034570193,-0.080295982703585,0.0490003881811567,-0.0331089056388461,-0.0753658039111234,-0.00110575115903599,-0.0233843995290924,-0.0175923882394755,0,-0.207908278836889,-0.038166990952491,-0.0228858746038084,0.00221771473706905,0,-0.0479464272871126,0.0160393270176681,0.042482145316391,-0.0811154698955015,-0.0077392636320843,-0.0208284796265835,0.000626737715926213,-0.267358027935949,0.390154966479411,0.0293990032176322,-0.0569759516398193,-0.155571932876796,-0.001214
"28","2016-05-31",0.0176517907741478,0.0758123100617903,-2.02251137602744,0.0240933327671963,0.0767150256450525,0,0.0634972652171683,0,0.0798221293034127,0.0615855418125825,-0.027519120173039,0.0795003143450968,0.0941631502425855,0.089196018504083,0.018184096200398,0,0.147383874953922,0.0949626174910183,0,-0.128699208334017,0.0810292588464248,0.0736685495078294,0,0.0299127473431658,0.123295512560127,0.0375704370509222,-0.137458885179996,0.0370627886617707,0.0493183315053029,0.0742599341001903,0.188614251583232,0.0327551940203806,0.199516040695424,0.0313929180068117,0.0321621776501914,0.064429703896336,0.0570397503719254,0.0412586350393452,0.0850480350489369,0,0.0865893370760426,0.00896211294459177,-0.0159687958222586,0.0144699418383235,0,0.0788860512451739,-0.00723258213580423,0.0549939573911349,-0.0612060808022984,-0.0175700226111998,-0.0324140628470838,0.00656360504597402,-0.176327000957777,0.305088006911559,-0.107733142759266,0.0852895150483154,-0.0496816047200531,0.033538
"29","2016-06-30",0.0599555721164457,0.0325208240886548,-2.19384331620489,0.0621192067517733,-0.178869061893156,0,0.0790825759478768,0,0.0646800996017486,0.0475910644741587,0.0497837894585809,0.00184511765756676,0.0888526784426113,0.0113108734237617,0.0463961678331072,0,0,0.0204874362233232,0.0175195990389571,0.027654443155163,0.0884882246182695,0.105632795598219,0,0.0777884208345233,0.0545966070600474,0.060985668353734,0.0886787572282371,0.0649422305755867,0.106446873763229,0.167922491703659,0.088669638322466,-0.0129190414231335,0.0634759612868367,0.0357236248590978,0.0948250630587471,0.0866629215062831,0.00207164976774547,0.100601052172291,0.0399115064047821,0,0.0379414191792836,0.137914316371449,0.0706697828033749,0.0815604837789521,0,0.180278054177079,-0.0310276484785623,0.00872099779491294,-0.0233582161485421,-0.00574639691560464,-0.0264063778541234,0.00959999622536182,-0.378316025706781,0.445679085556056,-0.00516082572397691,-0.00618754170044917,-0.042265731715582,0.000803
"30","2016-07-29",-0.0660216875467007,-0.0582612952816679,0.186544548561899,0.0270383930363667,-0.0127183202218843,0,-0.018279639072838,0,0.00562822932228856,-0.00123908861241723,0.0267545754541334,0.00188073297752145,-0.12574752743773,0.0147501543370139,0.0167059514244663,0,0,-0.0462623861493898,-0.00131830806220814,0.00973895423184071,0.00276334150724609,-0.0214696671327699,0,-0.01582158378817,0.0164030694132415,0.00582935221989117,-0.025177503122395,-0.0285092517263784,-0.00204951325367988,0.0160183097804649,-0.00993912406263483,-0.000943106197275567,0.0704053044100796,-0.0142244379800297,-0.00726682523564055,0.00151978482427284,0.00617011801338993,-0.0202465496359316,-0.00076796568768787,0,-0.00298748696094908,-0.0116110442674718,0.0168542678585288,-0.0152853022258312,0,0.0151208387423357,-0.0225677702065622,0.00811224745254025,-0.0149620187418486,-0.00161501910380646,-0.00781509317797641,-0.00116934241469511,0.0686686375340722,-0.155327511962012,-0.0157493977229279,0.0185864023896727,0.0352153963117399,-0.005342
"31","2016-08-31",-0.0287992247575849,0.00344387186150926,0.174729297117719,0.000978638608209353,-0.00903586498732315,0,-0.00109062671253152,0,-0.00372073045275865,-0.00601144059531057,-0.0187533574320084,-0.00300897710562748,0.0131216311539056,-0.00174553237974204,0.0096812360823498,0,0,-0.00163591659355834,-0.0139767875313956,0.0230732951334783,-0.0739687589846197,-0.0219477663726593,0,0.0159360128011092,-0.0125581062462479,0.0126047494455515,0.0163075141781178,-0.00887362470694684,-0.00456372860633336,0.00715715834697911,0.0114557247512476,-0.0319064426860816,0.0220277672305354,0.0197553713358651,-0.0248372321409308,-0.00124863622174855,0.0175899944955633,-0.000670513748992097,-0.0052117391334995,0,0.0123606860418581,-0.0120229439239183,-0.0596805464878165,-0.00124349248943955,0,-0.042510183044509,-0.0159304978702942,-0.0012020024260651,-0.00138637484200015,0.0131221012247275,-0.0208819410521634,-0.00270175321062768,-0.0498021702947304,0.0573644870995108,0.0138750354133576,-0.00745616100580002,-0.0237828093838914,0.004772
"32","2016-09-30",-0.00364805270319926,0.00100845427419981,-0.0545470790077869,0.0130263786362886,-0.00102756454413676,0,0.0140553893012282,0,0.00124069693610268,-0.0102722210197057,0.0172825431533122,-0.0203701377159173,-0.00621564408155011,-0.00462862729847349,0.00950649697497422,0,0,-0.0243715759764243,0,0.0124249906509094,-0.0111879026799267,-0.0116741212004546,0,-0.0146101998770865,0.0137280975522511,-0.00344835743028745,0.00672968490669844,-0.00552633353235394,-0.0528330582102213,-0.0182307685980974,0.0282535745172735,0.0219289771896329,-0.017065450389593,0.00466864329027341,0.00620275122276061,-0.0116453417799289,-0.0186550079248526,0.0110317789841931,0.00909865559497785,0,-0.00693532859402804,0.0451377127056425,-0.0122748295869382,0.0697612022615343,0,0.0204335212955103,-0.0120750210737762,-0.0074455414655658,0.00374353502502506,-0.00572912116987317,-0.0134737798951519,0.00114779848811518,-1.78702198562005e-05,-0.0149335405804616,-0.00110024288557052,-0.00616103560925363,-0.0171151681273808,0.002742
"33","2016-10-31",0.102541427448653,0.000427121807058219,-0.163735648261641,0.0536521228171829,-0.0118065913720427,0,0.0249164934597797,0,0.00683251254169431,0.0121187848740514,-0.0139166670648122,0.0132839374023072,0.039405937250523,-0.00590466763163785,-0.0427118637080257,0,-0.0136992987227295,-0.0102202842620873,-0.0135164208277454,-0.0394262281905996,0.0315175716236455,0.027918113603324,0,-0.0406905989809043,-0.00515701432410474,-0.0101209743542301,0.066790890901257,0.0161305397181266,-0.0312288081090255,0.0347525927199078,0.0559308667121113,0.0107705510646035,0.0233982137675453,0.00698350248961547,0.00317341415476102,-0.0191369181339708,-0.00914179864903304,0.0186903805968936,-0.00985599934142084,0,0.0278144210709346,0.017495179380187,0.00585996600042191,-0.0589863122503107,0,0.00139298022839001,0.0106323380670826,-0.00495832620876014,0.0100450596508794,-0.00156715740210755,-0.0115688363491532,0.0112549108903595,0.0110807653092477,0.0641788487639693,-0.0295122889263281,0.0156078441015595,-0.0116554684282954,-0.001152
"34","2016-11-30",-0.0678630796336787,0.0412401833371146,0.0766245883784342,0.000154685700716923,0.0541302184052495,0,0.00509895706511286,0,0.0149584228854848,-0.0178118089220841,0.00737764243216995,0.00557430166981088,-0.0166399378108567,-0.13966066885716,0.00635311790057575,0,0.12682788633668,-0.132733056555611,-0.0249897873465861,-0.0207037416964976,0.00955567879554927,0.0265265806311658,0,-0.051769376470077,0.023449838401482,-0.00102155980862769,-6.44137672207192e-05,-0.0041148157670097,-0.0409832038166754,-0.0519494602954568,0.018785716780969,-0.0145802899132322,-0.0208251138612983,-0.0198875106036164,0.0126025712973081,-0.0122948168126022,-0.0166151372124885,0.0170997918205306,-0.0191174815070045,0,0.0905392952812626,0.00109564516798865,-0.0144574128139291,0.0727929161910676,0,0.00943155535936191,-0.0011611197797144,-0.0125311043540571,-0.00145651115346279,0.00554455139602836,-0.0376362834388986,-0.000770026643750651,-0.0959681851166789,0.139261520651643,-0.0241885712270025,0.0190634902228026,-0.0819643304684925,-0.007306
"35","2016-12-30",-0.0296569251332796,0.0596640718275766,-1.54162618492825,0.0403202045323861,-0.0398925652780027,0,0.0541352924470485,0.033593140840013,0.0341489985661909,0.0493840771862768,0.0166605592761321,0.0124934501548144,0.0264139612813417,0.0700636594939729,0.0888000219820253,0,0,0.0423368034603056,0.0560042806859948,0.0552603103097888,0.0113450269424634,0.0466664265386149,0,0.0737149504791144,0.036162374447662,0.0290895283992806,0.0386816544005759,0.0515584586388211,0.0166351855944015,0.049901661590899,0.0238437904751761,0.0542189596911028,0.0521914752176545,0.0326491359268534,0.0380768576247921,0.0154142164065386,0.0232432801335749,0.0435259581962063,0.0930715751108842,0,0.0358143242890701,0.084311348451398,0.0629664998988762,0.0821184525549173,0,-0.052961222846489,-0.00842215719019977,-0.000467674544389449,0.00875749247062383,0.00991419836413513,-0.0182429897550722,0.00544567499293751,-0.0443040369738347,0.0964130335220656,-0.0513110844510729,0.0504347609258314,-0.0668444156794221,0.003735
"36","2017-01-26",0.0125247252719244,-0.014704631512395,0.250755313016014,-0.00428695865623322,-0.00475071837355923,0,0.0102864694728283,-0.017465926188145,-0.0224883652670163,-0.0208595341760647,0.0791611817485361,-0.0173397302104095,-0.00318165356096332,-0.0063052832158777,-0.0208487369697766,0,0,-0.0160406579193526,0.0493326133004515,-0.0500352405647574,-0.00990786178411585,-0.0196961765857926,0,-0.00944053462920081,-0.0157662171062143,-0.0106242767423136,-0.0355837329455131,-0.0212422485427128,-0.0180008497384597,-0.00768430966113275,0.0163986462209809,-0.00718748610070983,0.00686233536292973,-0.0284005959467467,-0.00740667563962732,3.79200694199435e-05,-0.00974085424247792,-0.00917675898608485,-0.00901882592046287,0,0.0071374032441475,-0.017725037251723,-0.017252751802155,0.0531699646612911,0,-0.0209792168566052,-0.00726298106539499,-0.000414952647698452,-0.000744564399549109,0.00134492583788873,-0.0228750647210266,-0.00330712186842038,0.0147365443732303,-0.0293879073669028,-0.0212420821315664,0.0337106615688531,-0.0113789749309917,0.003571
"37","2017-02-28",-0.104933391169781,-0.0148388643452322,0.134263878287929,-0.00658952949518053,0.0105818681376092,0,0.0312845332631179,-0.0245547974235905,-0.00767544379982269,-0.00875076236602435,0.0217548053741561,-0.00931498283943623,-0.000492385677827185,0.0257175333436831,0.0640267132557477,0,0,-0.0270528053976333,0.0835610419053081,-0.295904171249893,-0.00301260948378286,-0.0334916263125412,0,0.00953518203643819,-0.0127365369696443,0.00505532077311463,0.00153495829633379,0.034028785165675,0.0584391882700982,-0.0176730773128882,-0.0167754274210293,-0.0219558520155457,-0.0071900073516621,-0.0172718351130704,0.0717465812028789,-0.0307235350563575,0.0124318164604693,-0.0220495846405154,-0.0332147998141574,0,0.00762013699534721,-0.00311762539720939,0.0448397662388206,-0.0231213886067325,0,0.0210855390830494,0.0194210700280333,-0.00506475604519234,-0.0244197215620648,0.016779485870866,-0.0253480758615049,0.00522565380717361,-0.0709067003426761,0.0903159628922841,-0.0916297335751407,0.0952961382091171,-0.0612461884031732,0.001912
"38","2017-03-31",-0.107885364143604,-0.0578809981017369,-0.15467926961374,-0.0295675351758834,0.0197595622602549,0,0.0162186721110837,-0.0276887859317903,-0.0181846930128772,-0.0076792896409368,0.00954687876068139,-0.09616857984107,-0.0367748960535477,-0.00615407871076287,0.00026924530533983,0,-0.0574652268706467,-0.015775060515203,-0.10178804222783,-0.0395272423795321,0.0305222363460673,-0.0177704954551421,0,0.00921689213763138,0.0267891546014675,0.00534607900681374,-0.107635668320413,0.0155127321556781,0.00515534229782379,0.0351313462529144,0.0162367126176894,-0.0113561542384346,-0.0132258609855063,0.0195252386205544,-0.039065709399667,-0.0439105944018596,-0.0103368537761255,0.03266655066678,0.478432030481369,0,0.0214979045907253,0.0443731515672998,0.0182907275938713,0.100210859598524,0,-0.0120662823198645,0.0109071991784188,0.0332397466652612,-0.0892087583365855,0.0134339449381454,-0.019831015845195,-0.00414957889510622,-0.00138858316708667,-0.0127968094835961,-0.0582456293733609,0.0756904775735819,-0.0466087776398895,0.005612
"39","2017-04-28",-0.103265032079312,0.0465413973602308,-0.425579957841119,0.0353835742806653,-0.0603731472702811,0,0.0425954434582983,0.0531985422383487,0.044307914623585,0.0360718350861576,0.0279737922400679,-0.0267346696956289,-0.032572986001427,0.035327000413242,0.0786609088804036,0,0.134608269706964,-0.0151629904178366,-0.172832537753829,0.0975960132931144,0.043586327039563,0.0124092842576063,0,-0.00590719182680517,0.00435258251382144,0.00748771029133749,-0.00959923202828522,-0.031040451875813,0.00865165606907386,0.0375079437543881,0.0905880052721969,0.0279827788905477,0.00276439546882633,-0.0112803410902108,-0.0262413468268489,-0.0275790360792568,0.0890206840324973,-0.0550966520913969,0.123211025279881,0,0.0796876104347552,0.0118674440371106,-0.150420806401954,-0.0336068706196461,0,-0.0873539211023452,0.0135492494254016,-0.00205720994023029,-0.0172314138631609,-0.00588502385397604,-0.0041587532416424,-0.000787209776855301,0.157765964855267,-0.0822908466377369,-0.0970393894708782,0.0926213908652245,-0.014357323386165,-0.002021
"40","2017-05-31",-0.105686035715655,0.000155758849736872,-0.635960930019334,0.00516283152579538,0.0764905631197391,0,0.029805538713727,-0.0163424637508555,-0.0119080920102565,0.037042650255128,0.0855227841793444,0.0380140308238547,0.050968433363636,0.107116992381913,0.0196146870125151,0,-0.0460394698401359,0.0767329932503539,0.0158303729805124,0.00929655426930853,0.0791419764015329,0.113459809398328,0,0.0378105957365672,0.0576724426874919,-0.0145663057655708,0.046913460604081,-0.00745245728459447,-0.0138997920306682,0.0380866116818145,-0.108076846088901,0.055718240666783,0,0.0455777435431103,-0.012747309039029,0.0146911739507602,-0.0312619335129491,0.0107873514170253,0.0482491216994992,0,-0.268807929836168,-0.0190498472022127,0.087709649486619,0,0,-0.00145899161850226,-0.00413883291594065,0.0145291422725087,0.0152865715448826,0.0104764527622685,-0.038327973746656,0.00473018518151481,0.0153354481636164,0.0327652726689041,-0.157149719534129,0.184295285154661,-0.129683306686195,0.003577
"41","2017-06-30",-0.275276798085966,0.101107746673844,-3.17362944021336,0.110917962651976,0.154822074190745,0,0.115715989407403,0.0942378008104144,0.145427653094558,0.0708672764259383,0.021124669707512,0.133733863980479,0.123577533783906,0.21225263072642,0.100707773179511,0,0.00491873023608877,0.0970450292645319,0.118921450650902,-0.187047174189751,-0.0116333472391748,0.0898083734402571,0,0.04740580815431,0.125513454010552,0.0890109726294844,0.0801908410378829,-0.0185471095482547,0.0888959302135078,0.0558562409148104,0.0997823916963323,0.134418553768082,0.0510179261939928,0.0706538187915629,0.077965777277937,0.0905119949214486,0.112160510941891,0.128977824213686,0.0921614536225057,0,0.057099841266294,0.112236515402554,0.0871330715041987,0,0,0.0946775864050182,0.00528908889897815,-0.0117909015791431,-0.0294459428387834,0.00499866490903879,-0.00987051761971363,0.00293562523854974,0.198120291850989,-0.063580006218103,-0.199462701188452,0.276556097699147,-0.0381075053041121,-0.000553
"42","2017-07-31",0.0338218433354877,0.0207673435396981,-0.282373254178939,0.00171580019804755,0.0370828312001677,0,-0.0225682792848931,0.0494197772739693,0.0102328173351358,0.00443243713149028,0.0590158112506464,0.0117393872913663,0.00530523010629601,0.022410937323738,-0.00743374901304172,0,-0.00256906394374304,0.0663364985972154,-0.0396576035190686,-0.0201062196383156,-0.0179683282154116,0.0128474566956576,0,0.000624367178664702,-0.00876670042364951,0.00984558508672625,-0.0127491801334796,-0.0668312422226358,0.00125224019733811,-0.00179211374178858,0.0254317420648111,-0.0280669340972433,-0.0196019987326645,-0.00806629188011279,0.0682656193117412,0.0434587244399516,-0.000587298639126385,-0.0132092864533271,-0.014938523288397,0,0.0496554066546986,-0.00693758575663307,0.0621767481747604,0,0,0.0122068921103502,-0.00288593375064561,0.000246366843720148,0.00646848865629514,-0.00373795938129482,-0.0109999266694514,0.0047923788413348,-0.00764577683140712,0.0194436989861474,-0.0502171690936914,0.0521964103747626,0.0108615242441894,0.004294
"43","2017-08-31",-0.0424371045894364,-0.0219803407048947,0.704886590631575,0.0184470654139263,-0.0676278953399908,0,-0.0348998719872153,-0.105197065564643,-0.0270003565185503,-0.0285129287285663,-0.00740653380838768,0.00226984625624077,0.0408607658425615,-0.0243502037545477,-0.0359722797259931,0,-0.0509162564472391,-0.0796100884498995,0.0496595221852683,0.10917213308314,-0.0482576469392838,-0.0552245460018498,0,-0.021733544859843,0.00595357743291087,-0.00655974621657375,-0.00629083170942097,-0.0665929215834188,0.0874951167749926,0.023776164781709,-0.0181183793781761,-0.0436633243570862,-0.0250297616814451,-0.00190563934659215,-0.0394086152249278,-0.00248930177582957,0.0134774587119299,-0.00967216678417074,-0.048923750982183,0,-0.0329515897020747,-0.0537602336356857,-0.0468183439261589,0,0,-0.0451240759796063,-0.00223057030571377,-0.00417536744218072,-0.0412523126778573,0.00392564999366171,0.00355587098044901,-0.00663838514920095,-0.231733734722713,0.242301126219453,-0.116640970962007,0.117657510824965,0.0138747974415862,-0.003184
"44","2017-09-29",0.00535336326262749,-0.0217513143309456,-0.262915088151247,-0.0171155724666805,0,0,-0.00282910793587253,0.0153809813294447,0.00779885699614962,-0.00838418471659854,0.0245659153282942,-0.00368940104629215,0.0345203152576641,-0.00656869538078083,0.105922438471812,0,-0.0752557541370559,0.03614821924898,-0.106865187364905,0.0588562053493947,0.017964750753317,0.0616924244344378,0,-0.00748024019073927,0.0241456134376668,-0.0140346701840172,-0.0194524988328316,0.0607439963415422,-0.0324374812812285,-0.00287153110806912,0.00922689113806539,-0.0146819148411296,-0.0310773376677029,0.0409402895496111,0.0150550405566765,0.0178078909200507,0.0743846385702496,-0.0609989565113242,0.000651318367462619,0,0.00313068953715786,0.117659980888365,0.0317140646783211,0,0,-0.0699015850072434,0.0129816313155291,-0.0249046886800897,0.0121109679314566,0.0067882818182827,-0.00715590715084609,-0.0179601744198907,-0.193876403791963,0.146541815310553,0.0236491687824963,-0.0304548843347311,-0.0392777961563201,0.003653
"45","2017-10-31",-0.122916165048542,0.030420301717966,-0.900962848908045,0.0500895479170555,0,0,0.0394476834663472,0.0495068294960075,0.0125580603694248,0.0166648995637533,-0.0270491202008021,0.063986292881753,0.0536961151354549,0.0505363351982181,0.00170888541620227,0,0.0692558386146533,0.0381746373747408,0.0116243817064549,-0.00647957033487941,0.0389632682343656,-0.00327828670487213,0,0.0465985016679897,0.0259303608314063,0.0315487459877921,0.0817857544864846,-0.0275889306364067,-0.0332843735408913,0.0273866301999207,-0.00115199211173746,0.0088046310223666,-0.0387535062642635,0.0228411102424925,0.0507677673322556,0.0126268654112381,0.0134186663950352,0.0722126596986886,0.0348361035064316,0,0.0697044718267479,-0.00169056910571269,0.0127053006163422,0,0,0.00243855149002139,0.00878636379889016,-0.00630136137554425,-0.00473722363952155,-0.0191891436129444,0.00758613517850766,-0.0094193084695354,0.319723108366845,-0.241228794979529,-0.0850989601913071,0.0999965431039384,-0.0363231463657931,-0.000749
"46","2017-11-30",-0.0305124569588216,-0.0106872968038131,0.35001336257999,-0.0242592155697284,0.0440720078787174,0,0.0223359762162701,-0.0557516871025304,0.0128991073556752,0.000452079724232455,-0.0123016490930071,-0.00364242759710606,0.00548968707084769,0.00706065068401546,-0.0326715148696751,0,-0.0458961603638202,-0.0232874346203425,-0.0301500238291202,-0.0161621827010589,-0.000711952244465598,0.00669852336827659,0,-0.00122607610105524,0.00392939554593527,0.0235812833035543,0.0429603571403622,-0.068767124959613,0.00260535506572926,-0.0114810290488541,-0.0159684501710461,-0.0407931482032567,-0.0803835734331706,0.000747205233623753,-0.00656517655788432,-0.012039848827043,0.0023587098774361,-0.0437723362652311,-0.0560120316703746,0,0.0393498260111887,0.0335597756938777,-0.00559298153315628,0,0,1.00188156204467e-05,-0.00814728411228443,-0.0168909883701999,0.0228478740428151,0.00198639181243388,0.00884163395233503,-0.011984360228622,0.0149715527404297,0.0429743667892762,-0.0560203144811475,0.0651422154613299,0.0598918628234459,-0.011755
"47","2017-12-29",-0.48546114921599,0.00944768856629938,1.03315152754797,-0.0444762376709755,-0.0617207505580576,0,0.0670991713467708,-0.0675769019560691,-0.0206296444867728,-0.0116158187598572,-0.007576575032518,0.0503169543461241,-0.0189512740785375,-0.0808710741527227,-0.0310251095382517,0,-0.444277594878983,-0.0447656433381008,-0.0178851718147465,-0.0281525844415158,-0.0434963822437287,-0.0177359966996433,-0.0289022342743746,-0.0190833547428712,-0.00502656370884159,-0.0168925481970578,-0.0232559135185147,-0.0176546449880808,0.0529716656039254,-0.0749365577295806,0.0462635053316599,-0.0239769125929378,0.127976616449932,-0.0638062204525243,-0.0181834968326345,-0.0268087276557752,-0.0206039602717813,-0.0556744880112313,-0.0550779496275426,0,0.0432110909274433,-0.00705122250849856,-0.0492034724560065,0,0,0.0164568070986074,0.0384474601111363,0.0223009914075353,-0.0703453132631025,0.00567013097931194,-0.0121336940515036,-0.0136727850426636,0.196732616210469,0.0381843807492697,-0.191504954984831,0.196856789873669,-0.0877364084871555,0.002975
"48","2018-01-31",-0.0705777421719405,-0.0177463351103296,-0.283980687016961,0.107076412482688,0.0432361352397795,0,0.0234409653443607,-0.0383738167305109,-0.01016571933225,0.0141933048710768,-0.0136941127379443,-0.0087426381722454,0.025891422262513,-0.0444010479505828,-0.159151883024172,0,0.102408793332972,-0.00411967849285933,0.0466117108271523,0.000670939271658371,0.0218551050001694,-0.0159312614104371,0.103286327430761,-0.0105379264918558,-0.0749525373125664,0.0142142683172259,-0.028979394520502,-0.0319441074259095,-0.0139835629204108,-0.0428883661269912,0.0570103999422007,0.0587932009437018,-0.0358855744810951,0.0285459508396055,0.0220838170165237,0.0293655052306093,0.0164147738738696,0.0351630429273819,0.0450978754624376,0,0.0109239982928104,-0.0190362337546013,0.0527905538863444,0,0,-0.00455961978361648,-0.00895476323605768,0.0137868429846331,-0.0136304776940042,0.0164518024407948,-0.0192175826788713,0.00170059185124559,-0.0470288416461657,0.0275811931017671,-0.113259453922929,0.106521524056023,-0.0178554468691067,0.004651
"49","2018-02-28",-0.098728829048618,-0.0487032425453056,2.02884837761464,-0.0556020256991005,0.006373936804693,0,-0.056315658670525,-0.0891631853669751,-0.0157704848831232,-0.045868541249552,-0.0398582793156216,-0.0473197109437035,-0.0844219288591471,-0.0990332042596302,-0.0341547702174596,0,-0.0467223475452344,-0.0418144497714273,-0.148172027607903,-0.126468262911902,-0.0482281954431278,-0.0739594417186025,-0.124937258613486,-0.032523543364331,-0.0665291397625485,-0.0298258867692868,-0.0661636521237495,0.0161872897392094,-0.0376593940008519,-0.0676105261510111,-0.0448023475094211,-0.0782593969926839,-0.0839471321285763,-0.0508246529257339,0.00141941216751395,-0.0276048752750299,-0.0770883946110423,-0.0208839803370237,0.0148111482188361,0,-0.0335810324192691,-0.0506216680842918,-0.0668796194425249,0,0,-0.0063219070256938,0.0234991280126521,-0.0191871373098725,0.0070467886186992,0.00202717339074008,-0.020921020230475,0.00162503037913353,-0.00180492359969203,0.159134512167947,0.0366070140448549,-0.0342100303118565,0.0450692756288684,-0.008706
"50","2018-03-30",-0.0875132364630244,0.0138094217550891,0.229543510341837,0.00711056632198305,-0.0293972605923448,0,0.0238230330937173,0.00065520646943771,0.00905189125756254,-0.0191395983311892,0.00749294846997826,-0.0193620685386201,0.00766414789172647,0.0152881734455019,0.00934989407206312,0,-0.0606818124547105,0.0214671075957299,0.0199937353430275,-0.0479901426318164,0.0199483532623711,-0.0170875820002728,0.0256368012011403,-0.0191110670758667,0.000474061422694234,0.0102993361006538,-0.206492255480862,0.0345429292658873,-0.041340275074509,-0.0259130103631649,-0.0456635687502025,-0.036413940320382,-0.0023538983290712,-0.0031313767531194,0.00389721224222116,-0.0246810907782956,0.0124751084325476,0.0796995101176421,-0.0134587142351256,0,0.0272925167050323,-0.00129667304448144,0.0031896392617268,0,0,0.0308092306844628,0.00287238321088225,-0.00102129541064516,-0.0164845468556237,0.00229690531259008,-0.00555010425851155,-0.00829227284072791,0.124928855504427,-0.0714274831226595,0.00996313263193441,-0.00355264323392163,0.0102785368336185,0.001142
"51","2018-04-27",-0.0541575122709417,-0.0141110777346825,1.41550781022842,0.0146848734129338,-0.022861689368221,0,-0.083131307301357,-0.10763871522297,-0.0261532108056997,-0.055502141668917,-0.0664226742778813,-0.0607018755121718,-0.1630557630729,-0.0182976389003149,-0.00593225796305058,0,-0.0705863060480029,-0.00778869735775599,-0.0406266807537599,-0.077340903937211,-0.000811552450384067,-0.0318152935539166,-0.0447038461650282,0.0159252568591048,-0.0601420645079715,-0.022035874177876,-0.033992978470469,-0.102817264813163,-0.000996103427832203,-0.0890168333654658,-0.0382752138635068,-0.0123128096434026,0.00465423097348221,-0.0121792876577385,-0.0558021785718129,0.0312026576589921,0.0474192771993396,-0.0712749288165927,-0.0408157431878502,0,0.0159165575456306,-0.0459509717967543,0.0227247209230095,0,0,-0.0849415004062531,-0.0132934138088571,0.00419264989089605,0.00866491425731428,0.0171885457375332,0.000111130144783468,0.0158436084534634,0.109151107214468,-0.0704042095880978,-0.0456174352388144,0.0651789867186227,-0.0130723890883481,0.000368
"52","2018-05-31",-0.130420091439862,0.0147294714616082,-0.301024906632635,-0.0183637879242033,0.0939715447006731,0,-0.00785623747539785,0.0484274045290422,0.00632460990585012,0.0157137323359761,-0.00665111390079991,0.0697154166686412,0.0435298158811867,-0.00922974231983297,-0.0584818844719783,0,0,-0.0151402517864451,0.149487419501107,0.0215244129125871,0.00794639581094495,0.0180710312073458,0.0240752950527614,0.00140771975471,-0.0284728790603136,-0.0297066616270904,-0.00979745469608365,0,-0.0580307098324364,0.0646910426752502,0.0112399047155405,0.0372122590431537,-0.0314109012845642,-0.00435418933520038,0.0419721675126987,-0.00273762947313045,0.030835547698621,-0.0191526452768946,0.0266452509204535,0,-0.080586253647978,-0.000388064082319091,-0.0286944435417822,0,0,-0.0174406859190655,-0.0178401522517767,0.00841069742501616,0.00892901785409833,-0.00310888585797342,-0.00179989531369548,-0.00152657032178962,0.496292176400959,-0.419124402868328,0.119275985887463,-0.0803929655725892,-0.00536585308806036,0.021218
"53","2018-06-29",-0.0516187624165306,-0.0028627530432089,0.0919337586043183,-0.0011873036563323,-0.0161442189547872,0.0553594026303853,0.0869586407606284,-0.0208945306215086,-0.0123601828830316,0.0193051234099174,0.0166353458122663,-0.0420304084174634,-0.0356570370424444,-0.0285751423841766,0.0262603674466633,-0.034806718062073,0,0.0351334445458146,0.00999644056751192,0.0388532453985711,-0.0429710261545446,0.0358488061595602,-0.0193939552865972,0.00320108589610217,0.00686225762329824,-0.00923069841733901,-0.0983707275480643,0,-0.0142518446449495,0.0274481476273226,0.0703184502042442,-0.0147102772860799,0.0642933785942948,0.011197806332221,0.00514126393181074,-0.0956801457250966,-0.000870483870574282,0.00444294918597176,0.0624103886128739,0,-0.0132044623277461,-0.0989901142414467,-0.0128013065478285,0,0,-0.0566069662284834,-0.0082988911310251,0.00830048721232248,0.00981224059194974,-0.00845548453943139,-0.0179370347882534,-0.00492194378091806,-0.0370160046577628,0.0494508385965726,0.254224518163944,-0.240560038212775,-0.0105024082005798,0.025546
"54","2018-07-31",-0.156424319228951,-0.00478885679980576,0.0157195122126913,-0.023241347497017,0.0348126065721674,0.0051407585507199,0.033660096370381,0.0427316828783779,0.0404185471657755,-0.00685405013907915,0.0132278156582894,0.0214557521575525,0.0187216838700701,0.0164457384939362,-0.00258468917014008,-0.208667419800676,0,0.056814909355391,0.0298207441116704,0.0226944977595824,-0.02750794207288,0.00263700083934681,-0.0973113973580224,-0.0203952902411203,-0.0106682320120735,0.00373907389907306,0.0238585683592461,0,-0.0562241764696082,0.00650562423785301,0.0234034395341312,0.064957419423393,0.100454672588444,-0.0210957665491235,0.00627544986673829,0.00192313439105244,0.0206769547568379,-0.0616669282524435,0.00203626497212892,0,0.00667470788387765,-0.0362666172860428,2.18270878804719e-05,0,0,-0.0375557693485761,0.0307099196916589,0.00337566660456683,0.00535599847797945,0.00251258015912252,0.000459155601516631,-0.00325146845430831,-0.187280313928806,0.14306871633023,-0.27022156086856,0.263881897719058,-0.0229557620821967,0.000733
"55","2018-08-31",-0.00705682803960641,0.0288064586088304,0.0405068626518145,0.0195895100938746,0.0171272051312223,0.029030387182165,-0.00157473171572944,0.0645130172611273,0.0104400832926795,0.0134907831383188,-0.0418142287772791,0.03248124490813,0.0197069945841877,0.0136588268550078,0.0019496921913716,-0.655425602713351,0,0.0202223901733446,0.0573620113801775,0.0522336000799257,0.00895878850213558,-0.0123947904570372,0.0151472711232826,0.000180674591477382,-0.00397493843092104,0.0112669587319215,0.0246998239967869,0,-0.00479996304578445,-0.0550150411002202,0.0331120042153652,0.00983835914005964,0.126520462956432,0.0213721098832039,-0.00403291845908398,-0.00254624026380906,-0.00107061993236614,-0.00418027773188309,0.00981313408331811,0,0.0129942079825028,0.0488775970931546,0.0433034494236778,0,0,-0.000374556628031042,0.0120373167036202,-0.012115464008829,0.0130019860409541,0.00281568156682406,-0.00290501154008671,0.00340249606398165,0.0433419211105295,-0.046475960507783,0.0786281287662144,-0.0709933771697601,-0.000885569493437078,-0.004951
"56","2018-09-28",-0.146193352080635,0.0211926257528005,-0.000895311464013558,0.0373386603458946,-0.00201862581101205,0.0662497043056312,-0.00961377326820434,0.163029775137745,0.0426062768985719,0.00375096776286652,-0.0370903244954091,0.0226838094289691,-0.0541634205255793,0.0224056581073354,-0.0687860885325638,-0.334361918010984,0,0.0351908468437537,-0.0139393914039198,-0.0615292690308244,-0.0145019799733022,0.0130362939070995,0.0790537423349536,0.0552104794458494,0.0475163636686884,0.0225765898711821,0.0214456458730785,0,-0.0340036502358492,0.0896143890437122,0.0363162961368738,0.0284639234373866,0.0102548352004511,0.0294924169496936,0.00248092971197444,0.00113966283581665,0.00291758608751817,-0.0297562148719809,-0.0880326627204168,0,-0.00116608878342122,-0.00518714384901968,-0.0721371373549035,0,0,-0.0267844787564415,-0.0144246143205556,-0.0094187910638712,-0.00947439966424612,-0.00410992437734031,-0.0172843469886301,0.00622126265351632,-0.123782730629091,0.101320951337287,-0.106870385655657,0.108793884210503,0.00916482738869394,0.010364
"57","2018-10-31",-0.042687077609528,-0.0129948731125203,0.0191203889304316,-0.0121657554661062,-0.0691745572768052,-0.0187474898388698,-0.0348507278394787,-0.0387751518505966,-0.000475733771245862,-0.00589399413595111,0.00390326163670191,0.0430284330866306,0.0117099397188885,-0.0162559013041944,0.0117176217412947,0.464069946388371,0,-0.0124776929062288,-0.0371077077577998,0.000236512146831769,0.0223127532083323,-0.0211315682251661,-0.0576771195308582,-0.0324518460884973,0.0230273770932756,0.0160846160856724,0.0025792670040262,0,0.0214047749574496,-0.0573794597944146,-0.0288152732467856,-0.00383661073116177,-0.05243765618829,-0.0138920621248869,-9.46273576055786e-07,0.00370543354854608,-0.0503007292092439,0.0331328863257198,0.0080721294977838,0,-0.0431941533262942,0.0327193554741834,-0.0557187731200127,0,0,-0.0410689137251558,-0.000185212124163346,0.00160687501302232,0.00457098941775602,-0.0124382946435301,-0.0196673095810096,-0.0065970125508175,0.143629268328186,-0.104328465453066,-0.129978824242666,0.21900495116295,0.000793749031639693,0.014006
"58","2018-11-30",-0.157413708823096,0.015096180181423,0.107564059822327,-0.00147594632380248,0.15101775316913,0.044458821399687,0.0212811404417017,0.00657275077954669,0.0258472422860403,0.0144139439453863,0.0185538720521337,-0.0220184316557009,-0.00965138064158262,-0.0035903208807221,0.0353455703941712,-0.468899819231173,0,-0.0411961169942842,0.008690481160654,-0.0920950794210829,-6.81893992512085e-05,0.0161680531423203,0.0640552106763973,0.00886412195286058,-0.00907906013361637,-0.00111942498328093,0.0709592092066806,0,0.0272445842959746,-0.0292443697649525,0.0491722133577994,0.0133402396405414,-0.0319467504608258,0.0334659018975078,0.0139409323853307,-0.00563153068871936,0.0464343989810144,-0.0109300382432217,0.0302941992633244,0,-0.0662293748382649,0.0450525387074533,-0.0571705585144777,0,0,-0.0174870269644468,-0.0132173725805841,-0.0190323308294024,-0.00916997020973495,0.0140419241715671,-0.000480393389943183,0.00825306208897701,-0.313525268709324,0.165070744631325,-0.0490066588892078,-0.0469112222381311,0.00634385609045196,0.011166
"59","2018-12-28",0.064399883147675,0.0234857425142956,-0.0622854751392943,0.0339867379367019,0.0185159502588084,0.0736691860857959,0.0167719428918878,0.0149281476382615,-0.00362215362680904,5.99844216524263e-05,-0.00142021719909632,0.0790281926785694,0.0543148347834464,-0.0110434435665196,0.0359600044545855,-0.481199805965587,0,0.00315648648965719,-0.089384878806179,0.0371204276701157,-0.000449521921735191,-0.0388696932925117,0.037261204784131,0.0129466071290241,0.00826463122388032,0.00729019787830328,-0.00120915113253267,0,-0.081435159066704,0.00633420193079398,0.00852914983565368,0.0375267570131081,-0.0164861287858868,0.0100546089264891,0.00896420507518528,0.0148312911172103,0.00106182587548886,0.032741535897127,-0.0100403527502024,0,0.0567394192456385,0.121722897630973,0.0244672277830679,0,0,0.0177125820832058,-0.0386527097838711,-0.0120298029189932,-0.00543541665830062,-0.00085951931168231,0.0183334161240695,0.00149194647511452,0.0091601246375278,-0.0234820175387569,-0.0969893118202643,0.0358663284652187,-0.00326396726140908,0.006737
"60","2019-01-31",0.26175974340174,-0.0235233966449499,-0.0794068841773352,-0.0268067147948235,-0.00520810149064949,-0.048504129410031,-0.028968385122438,0.317954153781335,-0.0462133484099501,0.00137358852850615,0.0315310672704448,-0.0240393428266786,0.0398723946033857,-0.0512179980023993,-0.0192657528984194,-0.148025912889312,0,-0.0225450806191411,0.0686048506769667,0.0943688210581322,-0.0255444993637889,0.00608033997393786,-0.0429888215206101,0.0284735803798054,-0.0145153461640872,-0.0222825693518959,0.0837939450507251,0,0.075446370151167,0.0849540002130943,0.00505738713384045,-0.0293829392781506,0.0235377566826378,-0.0369589494541507,0.00534879073127535,-0.00722694297923282,-0.0205174319100812,-0.0545530108539796,-0.0449523887306162,0,0.0319783608506197,-0.054361638283378,0.0369992704947597,0,0,-0.058365092404534,-0.0203924610635382,0.025795272185606,0.0233377893918937,-0.0190302430785895,-0.0254630081467666,-5.56513821816298e-05,0.137522537474193,-0.0621316940465134,-0.15928199800319,0.173823370841727,0.0185405497811794,0.010462
