"","benchmark","金融行业","房地产","综合行业","电力行业","机械行业","有色金属","农林牧渔","电子信息","酒店旅游","家电行业","传媒娱乐","汽车制造","发电设备","水泥行业","商业百货","电子器件","生物制药","农药化肥","酿酒行业","环保行业","化工行业","钢铁行业","化纤行业","煤炭行业","飞机制造","建筑建材","食品行业","次新股","NaN","仪器仪表","服装鞋类","家具行业","交通运输","其它行业","印刷包装","船舶制造","医疗器械","石油行业","物资外贸","塑料制品","玻璃行业","公路桥梁","电器行业","开发区","供水供气","MOM","vol_volatility_1m","volatility_1m","pe","circ_mv","dv_ratio","shibor_1m","shibor_6m","libor_1m","libor_6m","shibor_lpr_1y"
"1",0.011542,-0.0337351191534163,-0.55398311442528,0.0381226031822449,0.0489924056072922,-0.0262850532998372,-0.0622768822249055,-0.00422550985502227,0.0406933298195977,-0.00865526169555306,0.0148487065472054,0.0240469118095748,-0.053351148283335,0.0328351018918544,0.123917095476975,-0.0115709774304883,0.0708414566086301,-0.0641079735271528,0.00195889693633016,0.0292976726456527,0.022826596247184,0.0158921538241466,0.0484246631543372,0.0794281483140922,0.0226267813154704,-0.0177150119649032,0.0129575876011576,-0.000342007689639529,0,0.146323100510604,-0.0122064718217115,-0.00986122786778474,-0.020916975375862,0.0071606258066312,0.00671074914684458,0.027848908962822,0.00677095083349165,-0.00551818596175079,0.0249386947883414,-0.0306665625811563,0.0284230021091018,0.0368735283496378,-0.00262872245056372,-0.0772251232456542,0.0669858991833596,0.0155257581814371,0.00201691788411701,0.00347907838908726,-0.0105058880533365,-4.49390259851471e-05,-0.0114040607541385,0.0036388310615258,-0.0186324835787199,0.0599405307158343,-0.0153144870558486,0.0288168824697748,0.00417778911343744
"2",-0.00263,0.0185086271152649,1.33764645031428,-0.186672880796772,0.0028501418409347,0.0102623371541304,-0.0878814114280713,-0.00257279386044089,-0.0195684480108583,-0.00249945686006943,-0.00733458987912605,0.00378671151429079,-0.0447846442927545,-0.0496100139427737,-0.0357239759299349,-0.0774814482025925,0.00969668895571688,0.00401306497765911,-0.0445695547463968,-0.0358992563047844,0.0255196983815057,-0.00205126562296179,-0.0773188902596799,-0.024567161105175,-0.0261419545254932,-0.140539524013885,-0.0177544171022847,0.00275791317196775,0,-0.0747037493054847,0.00471246670197368,-0.0863959932364755,-0.0115086069604535,-0.0236242265750918,-0.0379191090057627,-0.00487708541766507,-0.0505349545826685,-0.0120063778377227,-0.0176747135797475,-0.0694972620124627,-0.121203862399895,0.00888307866642625,0.013817170956777,0.0457813567869643,-0.0216258201751059,-0.0736922585653022,0.00296170533850095,-0.00132324819675984,-0.00236648289998493,0.00276703157117234,0.00632757821208434,-0.00251443810381453,0.0307937352545545,0.0149269572627498,-0.0734220397518209,0.0682756906270373,0.00226486658749431
"3",8.8e-05,-0.0704356448874719,-0.144222368550361,0.0148410834438545,-0.0107688370408446,0.0175540654146875,0.095238923468932,-0.00288976267735256,0.00530006307475699,-0.0036800578721245,-0.00587442749552501,-0.0189467079795772,0.0039020760642778,0.0299187754434988,0.0377922291242631,0.0107903012107782,-0.0222375674142234,-0.000432769872283734,0.0509995005796787,-0.0232457776187062,0.0250031974217903,0.0611929550754418,0.0390163680924272,0.00777846513391483,0.0179233459895312,-0.0294965538331329,-0.0034023909787899,0.00216338982298041,0,-0.0154641836770298,0.00487297189706697,5.91137391916722e-05,-0.0133130061527398,0.0087229998626501,-0.0374333958436441,-0.00900106245116678,0.0190663547677395,-0.130405744964023,0.00906808466995802,-0.0050807903938736,0.0137495589373909,0.0414248169152661,0.0106630686225156,-0.0406446014231614,0.0509794920124689,0.00895445034096974,-0.000594962210078051,-0.0129110277911529,0.0185760536432219,0.019841109928464,-0.0244587455274628,0.00592734412861662,-0.00762487247204394,0.000207257512521514,0.100225925472747,-0.100032434483179,0.00599347278747382
"4",0.000603,-0.000470876010270364,0.257243746631919,-0.0221353314438219,0.0940427837653346,-0.0231434895726651,0.100978401100744,-0.00294982115443479,-0.00524836564846263,-0.00390375526771257,-0.148994938867193,-0.046809123802952,0.014144052537584,0.0248156937757294,0.0263388652494351,-0.0120808901927664,-0.00777170862061221,-0.0191698040402664,0.0116512515306983,0.0861056143161092,0.0249053320817412,-0.0685959673204455,-0.0592151736622933,0.0224765547802689,0.0163370239567197,0.0324512112722668,0.0293232403393469,0.00205074099121864,0,-0.357079740397397,0.0168261733605939,-0.0409247313786188,-0.013654899303596,-0.0662330118376585,0.00836555374430729,0.00363276263154425,0.0646487006617894,-0.00856186953837487,0.0102541507007617,-0.00149786060865266,0.0220386871350418,0.0158658552396293,0.0100654370176059,-0.0450769178019463,0.0654332671196145,-0.00647682346986401,-0.000337917565675739,0.00623433914752778,-0.00891883528121556,0.000282229954971999,-0.0107858374744464,0.00436296321402316,0.0426021535998889,0.0031607987897373,-0.0736605007903239,0.0610825624160508,-0.0130462509166518
"5",0.006911,0.0519791978179898,-1.16445004571529,0.0540479720292794,0.0129327079976753,0.0499707306681396,0.116467584640035,-0.00368545003489058,-0.0384232928971025,-0.00664372259076018,0.0408486292760994,0.0180799678137538,0.0434597944454608,0.0208519477123917,0.0594263638375284,0.0279784947495604,0.0121380696449733,0.0403184234130418,-0.0917736665899331,0.00894465001080153,0.0237066241884798,0.0705908314976565,0.0833036973990899,0.00753276412550143,0.0565500476941556,0.00278352427828623,0.0259792643740286,0.000670956853833748,0,0.0424877630513908,0.0505424132654646,0.0255880731007365,0.0436699058203631,-0.0031626122249204,0.0492236827770737,0.0119616233440318,0.0258545904687964,-0.000291229309963686,0.104496404891615,0.00124063266364254,0.0217131726397948,0.13022207471655,0.00274532019475063,-0.0336226408134006,-0.0539277068322987,0.0576724656065849,0.010869711742956,0.010535859923735,-0.0236782753613862,-0.00554520428866402,0.0157423939263178,-0.00880901494993731,0.0505749394053349,-0.0713337064310588,-0.00750708064563224,0.014469630340559,0.0428152100467082
"6",0.012162,-0.0195212615900872,0.0616019723155391,-0.0126156239642377,-0.016197652259071,0.00360431516696241,-0.0521459675912544,-0.00429781326432515,-0.0133511048256233,-0.0089245672980086,0.00359227548835239,-0.000493815365766689,0.0238881404250222,0.00696873054242312,-0.0228983836677646,0.00120023832547931,-0.0315445160943197,0.00714099151982714,0.0303102019293018,0.0117422678004613,0.0227087777795521,-0.0299832557244133,0.00951263288841634,0.00809211401758818,-0.00290224947031429,-0.000118852280126405,0.00246441509433334,-0.000477623758944955,0,-0.0030121445334065,0.00645010679396688,0.043458673200936,-0.0185875323610955,0.0168911882580687,0.0218990281390413,-0.0305470746866871,0.00453680099318596,0.0187306261155452,-0.0628662759022712,0.0681141535030905,-0.0190587539590495,-0.00885023003065052,-0.00334820127589192,0.0267563459191432,-0.0137608682154842,-0.0241602280974424,-0.00606851057044597,0.00193165241727832,-0.0182404376260462,0.00430770263207387,-0.000379303425595487,-0.00126527349987839,0.133660031025258,-0.0341164881073458,0.0788039785500472,-0.0195307003693661,0.0137649921387273
"7",0.011686,-0.0611194867534962,0.416640120852867,-0.0127430779480612,9.38604908058008e-05,-0.0162589148963077,-0.0158760915002187,-0.00424230290492488,0.0161084166252883,-0.00871781009354274,-0.0189841198400301,-0.0264343483139841,-0.010480787021371,-0.0118395839607016,-0.0324188416445249,-0.0265214003234563,0.0295697757630595,0.00180156556682738,-0.0868678105064883,-0.00622876591620851,0.0227992319579275,-0.0939887256443786,0.0110946085844646,0.0172137108181898,0.00846534544445113,0.000144246413799402,-0.0195088596178263,-0.000373505615413693,0,-0.0380736098480046,-0.0221557235372299,-0.00774990964322813,0.092130527802656,-0.00664877122433571,-0.0327003370535478,-0.0760907968250926,-0.0536381524295337,0.000593954479785515,-0.0350362191737555,0.00158663298226766,-0.0408560058041773,-0.00801686793316597,-0.00279582720999478,-0.0584519475823686,-0.00232318475213308,0.218899787735113,0.011109913497842,0.00193197776887803,-0.00632248873939327,-0.00720449727577156,-0.00501182267268609,-0.00191392859975785,-0.00221845589997033,0.00994977485547408,-0.00232501835205867,0.0162257962815258,-0.00282205177175304
"8",0.001303,-0.0592961107013413,0.939525956225756,-0.0347998428510917,-0.0105207720638857,-0.028575286071342,0.0573947898074998,-0.00303145403590579,-0.0332322991485934,-0.00420780998016237,-0.0379668849775138,-0.0333923308655003,-0.0328858908154348,-0.0134166116420283,-0.0325838856409467,-0.00555648876875517,-0.0409722645263355,0.00796314178408961,-0.0375945789758069,-0.0252228407773563,0.0247723112311891,0.0399461987736123,-0.0613431501140805,-0.0304370366433992,-0.0306108768226054,0.00588322485714322,-0.0378438500092516,0.0018976260742609,0,0.00608055858091877,-0.0193250300484685,-0.0129493073719963,-0.0430101546868015,-0.0260195947978174,-0.0291188823800313,-0.0319847229089466,-0.0425625244113065,-0.00444955748041612,-0.0426629503345515,-0.0176033052006323,-0.0325024307909448,-0.0712453777098151,0.00925312221481602,-0.0164113166511869,-0.0390822450176424,-0.0702992643273915,0.00233903189694662,-0.00182148589660495,0.004864906931592,-0.0108976968634149,-0.016184734855559,-0.00221596132442266,0.242399612910996,-0.191213131217845,0.00663266361841186,-0.0119537216343422,0.0440225418652091
"9",0.015958,0.221129904834273,-0.691909228003111,0.000512564426986429,-0.0273126023610478,-0.0131928755254568,0.0393452517439868,-0.00474049671870216,0.0110358616040512,-0.0105734125672364,0.0988112997903205,-0.0246994158714482,-0.00335583234293878,0.00712730072656429,0.0194135576760952,0.0206944673048965,-0.0814742513458527,0.0937168565332889,0.0338886419875142,0.00763801872953651,0.0219874247099864,-0.0213956621746234,0.170530256785228,-0.00846465215673116,0.0182146933063158,-0.00221700909134986,0.0402791751821694,-0.00130794408004721,0,0.0336404446873349,-0.0359363091571679,-0.00468567143224521,-0.0247671847265192,0.026104791515466,0.0540371848264386,0.117966554278789,0.0313476306431994,-0.0115922603198094,-0.0573372016612849,-0.0592366734036045,0.0830426519751348,-0.0366553270470998,-0.00775326840644973,-0.0958744131478281,0.0782044569593509,-0.00418729868637311,0.00445133333670238,0.000654723094542826,0.00084556743408239,0.000565124578697201,-0.00584377482914169,0.00320785661116691,0.100451106070654,-0.0955751538671383,-0.0148902182583014,0.00458577007115305,0.0154755589983598
"10",0.019724,-0.00674956322906303,1.71891512002143,-0.072918748942784,-0.00796198420257165,-0.0471993679583513,0.0302444347635629,-0.00517968162101613,-0.112763912902705,-0.0122092269202163,0.001354770064964,0.0225785758918711,-0.0768884626361625,-0.02473774081903,-0.0621591443522847,-0.00953668249834013,-0.117142349823736,-0.157210106387993,-0.0290758647934274,-0.0322227557706079,0.0212717725340157,-0.167965942649258,0.0282976167245736,-0.144644634415687,-0.0824197845303623,-0.0042985840521158,-0.055779939780035,-0.00213170233327986,0,-0.00494558697264244,0.0998990135835547,-0.0914915157286857,0.104173683649142,-0.0703659846971559,-0.0834035097708101,-0.0105758758519223,-0.04592295167878,-0.0439922672882903,-0.0639582793249444,-0.00972278919642028,-0.031232621783405,-0.134126609653825,-0.0121235220454594,-0.00822197322337666,-0.112474213051219,-0.0729811063471554,-0.00201639665076315,0.008632445726684,-0.00307566537889482,-0.00445306292798426,0.00633238475818376,-0.0039186534706034,-0.00667932086162792,0.0272246083978153,0.0323532342451308,-0.0367132142345382,-0.000731325402003463
"11",0.022025,-0.0891556406818428,0.815847514742425,-0.0238189176952072,-0.00510963218467699,0.0208504700403146,0.0458640381440496,-0.0054480205642515,0.0122706928839061,-0.0132086981964263,-0.0491733882194736,-0.0298226517443507,-0.0232062599459999,-0.0209915842908315,-0.0124143320291745,0.00881127171780746,-0.121763106751048,0.0205056890076339,-0.0203977951627871,0.000251974953154796,0.0208345139952721,-0.0737979598100113,0.00224605218821003,-0.0400859006501286,-0.0136398913390623,-0.00557041198220673,-0.0222905797960346,-0.00263501293887951,0,-0.00477194007490259,0.0452171209449732,-0.0417658951334286,0.00142383918634774,-0.0495857393314276,-0.0121723553563223,-0.0314101812992895,-0.0772208070001282,0.0588189727080898,-0.0396044018439036,0.0306962139366033,-0.106466113707324,-0.0465539648134533,-0.0535961746105664,-0.023992055023098,0.0337071133041698,-0.0576760655767196,-0.00157233896043926,0.00393206935477368,-0.00503056015607544,-0.00603013933630092,-0.0039056185876606,0.00378327699115375,-0.10018711226094,0.0324903608090455,-0.0148134262348486,0.00639487256837862,0.015716838297405
"12",-0.013616,0.0193990890710881,-0.550965825557337,0.0216236450563675,0.00148806754782794,-0.00538645097589224,-0.00908289896319868,-0.00129162409495464,0.0442479281139055,0.0022724646698927,0.0340454979053651,0.0330709290779967,0.0358917775783351,-0.00564207003115246,0.0143545713160192,-0.000130576312991057,0.0135952371111864,-0.0012307863244417,0.0553506581289617,-0.0170899279440255,0.0276073656160286,-0.0174229006896762,0.0152405461416202,0.0409962024989654,-0.00486808230745651,0.0141293790896624,0.0399595518011966,0.00516094242582165,0,-0.00918450177278535,0.0245263283576707,0.0211203199904694,-0.019062661498798,-0.0214370637385763,0.0530232489037214,-0.0112609598070159,0.0245692747982528,-0.00621210083351833,0.0219655885298253,0.0659533053539881,-0.00742024274033029,0.0177689051367379,0.0462914847798796,-0.0366039851009983,0.0288712066432836,0.00176914304907832,0.00788876128630925,-0.00528879817834091,0.0170798410019737,0.000545900356585071,-0.0065231547773004,-0.00638394353369656,-0.0321533006972136,-0.0222441032641067,0.0587283290741989,-0.0953885083702757,0.0320464164164948
"13",0.001836,-0.0303545664213055,0.684599263188579,0.0278727565584108,-0.20486861861979,-0.0639624409566809,4.09539929859502e-06,-0.00309361164422585,-0.032313598669386,-0.00443932592549914,-0.0387145051891771,0.0270957218073355,-0.0354172112694797,-0.040752154809624,-0.0288197500184113,-0.0327084304655715,-0.0751942603028851,-0.0398760801122792,0.0155292971961059,0.0252964769953459,0.0246710253549829,0.215643768733431,0.0872476316165027,-0.0477769243594391,-0.014003451421361,0.00558862064734814,0.00462785508019456,0.00178104000177736,0,-0.0553443775796511,-0.102626610494348,-0.0196633715703966,0.121877694247587,-0.00175163074043128,-0.0162253701166808,-0.0971264581705974,0.0364249446207453,-0.084140501341208,-0.0448467339081307,0.0628530084359991,-0.0492961911763482,-0.0986954746748989,-0.114613933568433,0.0179034883366384,-0.0584495381522999,0.0760584334582575,-0.00155396910886568,0.00229681067057859,0.000760423087922939,0.000941195564530614,0.00986275762820517,0.00452983696263044,0.0255421435852886,-0.0555806499891766,-0.0376623340595633,0.0174344344610754,-0.00600815878708641
"14",-0.009044,-0.0869565358182497,0.130602248655906,-0.0718141212809929,-0.0346861613080919,0.0180400486348953,0.00594446087526035,-0.00182480342936235,0.026022276998125,0.000286553033720587,0.0111717932095223,0.134158328264157,-4.5283418174261e-05,0.00570382979515404,-0.0116980058344071,0.00641951259829481,0.0814618660418659,0.0148035201656994,-0.140065571630793,-0.0175420486109949,0.0267385494321365,-0.0788639686734827,-0.106888211904628,-0.0408527403412667,0.000862194052818394,0.011602305079938,0.018445414006543,0.00416088328249195,0,0.0231210276017613,0.224012453481919,0.0196442949852777,0.0280805023572495,0.0588522490765552,-0.0202219976096638,-0.0234847529586796,0.0524902453765582,0.0503866128887566,0.0190769130473212,-0.115209269197065,-0.0378843073740368,0.0200961792655296,-0.0430281275316099,-0.000400672900907832,-0.0758678644057075,-0.0848498179793438,-0.00226931236949603,0.00450539261490222,-0.00249931127488434,0.00188501774914387,-0.0103816088917535,0.00463569415559233,0.0324192305504393,-0.019251599540169,0.0223870637065254,-0.0210890198048484,-0.00236783412846951
"15",-0.005119,-0.0608183045820689,1.36933991187956,0.066576112979771,-0.0869862824634818,-0.0961308322522535,-0.0453758746669756,-0.00228253065761044,0.0204299473946715,-0.00141832517537293,-0.15574030243367,-0.06346756634156,-0.0300189300922472,-0.0692711159919821,-0.0925884797302815,-0.0674136692522649,0.186117876655936,-0.125405857625649,-0.0414470727224021,-0.00731090095740057,0.0259926825201119,0.0505030458941153,0.0746973516270543,-0.0260414546991832,-0.0488842699435071,0.00943284631174728,-0.135461399368604,0.00330234606955034,0,-0.102554588963198,-0.0624374214391389,0.00788468999800524,-0.059930091054624,-0.0708880087782254,-0.00382338000763149,-0.0995732468947231,-0.105754090010421,-0.0630616205825523,-0.0521339460837844,-0.0699635263302876,0.147764052334579,-0.0852465849592376,-0.0666850681685614,0.0132411460461071,-0.0130464093541229,0.0358791418718121,-0.000239441426134923,-0.00217664041903563,0.00228783504823397,0.00566631415552984,0.000547696416089545,0.000399037560502225,-0.0225122433856627,0.0278819032055614,-0.0313681851356866,0.0267451577033839,-0.00354514682705037
"16",0.001411,0.0253860327184716,2.14958699373063,-0.122351225493106,-0.0624661144258297,0.00840307281907847,0.0179698579384657,-0.00304404882333274,-0.2179859589236,-0.00425472127865462,-0.0292657351453358,-0.165526576440183,-0.068097570077622,-0.0592724312447179,-0.0743143277059457,-0.0591261926593258,0.0764237934027299,-0.0598506367080694,-0.0519480473700869,-0.134392372194207,0.0247517880142467,-0.0263524167639909,0.012256363462951,-0.119178020519825,-0.0144885046921969,0.00582353019549618,-0.026553563359891,0.00187400262993028,0,-0.0536816344033522,-0.15070278840605,-0.121028629798644,-0.0722249883753706,-0.0443912250077766,-0.0563710064925625,0.00670064665481501,-0.114845940598324,0.072016420435431,-0.0890996897141571,0.139119720739073,-0.10168548923483,-0.0402885828743745,-0.0863973320976291,-0.00950083743698709,-0.140440610259218,-0.161185004216118,-0.00433648344522762,0.00440186935087899,0.00421634616418535,0.000997019409447256,-0.00984915902959754,0.00241103912384585,-0.0420541752544992,0.0375016470322148,-0.0104823722281897,0.00576256935414737,-0.0149880944521908
"17",0.067147,0.0632952035158525,-1.04689281682876,0.0220048201290221,-0.0254811732150636,0.0111062214496119,0.0178379265908246,-0.010710076103872,0.0621782149157714,-0.0328080649609403,0.0184301319469914,0.0578809400600977,0.0319781370277931,0.0173736107513702,0.010700413785525,0.0335178179582609,0.166187473527331,-0.0847850751510903,0.0963218091779078,0.0048396904950703,0.01225998996868,0.15185801189996,-0.170001540143626,0.0155225509780243,-0.00136971955357395,-0.0305106205269972,-0.000361999671974401,-0.0125048004859754,0,-0.0706755313090933,0.0589376376958803,-0.0185763291017568,0.0122112673172127,0.0535498921683263,0.045069719242128,-0.00913161497433826,0.0644254713324581,0.0134842283401347,-0.00270265389609273,-0.00732334857785998,0.00743956792802503,0.139292555055287,0.166104445069494,0.126681227200971,-0.00656596116764828,0.0499123501406543,0.00536740270550075,-0.00687343316516102,0.00543576981878025,0.00208432755613755,-0.0068951065200626,-0.00119137168306661,-0.0111977684523828,-0.0146134409936755,0.0394991731555874,-0.0339407028442714,0.00319568315949508
"18",0.000337,0.117090964261756,-1.34965263958762,0.0127600506329149,0.0866793289050609,0.104969935601988,0.0588199302329115,-0.00291880065947581,0.0386658514675161,-0.00378821447698164,0.067891105346351,0.0222416748855458,0.0534940900759764,0.0226640008591428,0.0109046383531041,0.0461527442248167,-0.0329757620157437,0.0595899662177339,0.183244920691698,0.0250010144144106,0.024955880004951,-0.033468418535549,-0.169160110257259,0.0904018267426303,0.01833235801367,0.006417160441875,0.0291082498296148,0.00210892465966258,0,0.115562511570564,-0.0158667447297133,0.00161693277545595,-0.0588167054854718,0.076110340821541,-0.00250553668689235,0.0069593154054191,0.0794808114314991,-0.00182054816325071,-0.0492794226508777,-0.0110141998230332,0.094596128463584,0.157663824992698,0.139370665184161,-0.040996082202543,-0.0281390128789112,0.0475470516450665,0.00239917058506163,-0.00445451696889996,0.00704616478425611,0.00376973437349617,0.00120098851965079,0.00189009034975696,-0.111694661992619,0.104354512508303,-0.0495512913544358,0.047104628194832,-0.0294762422258657
"19",0.007256,-0.00970931015452669,0.931323820673064,-0.0666350538815848,0.0140622119257484,-0.0208597421868688,0.00477885171021678,-0.00372568338361557,-0.0461593948184461,-0.00679357812761044,-0.0274297720765372,-0.00570709400113685,-0.015462343609287,-0.0911287636833046,-0.0118835302032912,-0.0377974067470511,-0.00849810700316611,-0.0164755285094302,-0.391372723736088,0.0134837712955082,0.0236410639121362,0.0263161135684411,-0.00704811938477662,-0.0328021340815128,0.0339971120142146,0.00259283299802488,-0.0908628133904432,0.000595493073333148,0,-0.0274758836397322,-0.00820847728857025,0.0196094196208493,-0.0180716277165026,-0.0287044623816752,-0.00250884118503536,0.00529290098695568,0.0109602587423513,-0.00249127425363878,-0.0561137975185806,6.88697591532776e-05,-0.113938137931841,-0.00300801029837664,0.114272976540452,-0.0294071370051266,-0.00766240562686367,-0.0130545429958284,-0.00726715233644869,-0.00765355887324074,0.0275702017298018,0.00886896880891386,0.000651758719270153,-0.000267687115802238,-0.0692873372007504,-0.0658352191570003,0.058782179427774,-0.0410902812338668,0.0565503654856185
"20",0.007579,-0.0688291730726563,2.36885045615999,-0.0466990301248634,-0.0701238876712615,0.0038548003581451,-0.150830830635675,-0.00376335112749433,-0.0647372651147893,-0.00693387765921227,-0.0520575240425844,-0.0207199964672677,-0.0486622255880615,-0.0546632109428354,-0.0418257723069211,-0.0461057045092183,-0.100714254002447,0.0142381139256151,0.00415104863873175,-0.107041086511762,0.0235796842910957,-0.113717650144901,-0.00963036472805672,-0.0522240476316499,-0.0529220523414545,0.00241430174143236,-0.0453522633527715,0.000524841475936934,0,-0.0437437249737944,-0.0769321675390825,-0.0109314932768239,-0.0182860577897581,-0.0109979618398002,-0.0237028467740386,0.00521510768486525,-0.0719939841788404,-0.0025225857910279,0.00770874072368708,0.0753348180439072,-0.0582055119449536,-0.0757835344989148,-0.945231030795821,0.0116253182400146,-0.00960061617606291,-0.0120121477286158,0.00354909865897482,-0.00691057209943044,0.0101492482904091,0.00386966037795797,-0.00284040046107239,-0.000357759318881067,-0.0117951356456116,0.034832504948387,-0.00646210577497726,0.00716473999685313,-0.00653146198481518
"21",0.000218,0.0775105558019906,0.495348608120425,-0.0654073647659889,-0.0325055490392807,-0.033742137290966,0.0261672111708255,-0.00290492306962574,-0.0583966262579726,-0.00373652517586518,-0.016279990460394,0.00106608297744514,-0.00652247846008474,0.028022066202616,-0.00448109040040069,-0.0189519212504509,-0.0597210108121541,0.0704024513655056,0.00728099848578207,0.0231519701758026,0.0249784935495449,-0.101215150615427,-0.0670033329000588,-0.0146044149129107,0.0331114302420789,0.00648293511535645,-0.114886140266559,0.0021349541955454,0,-0.00736460161824653,-0.0142664785206507,-0.00603009058542462,-0.0133993092781986,0.0014987924948708,0.030524838025134,0.00698797609566295,-0.0471418990257332,-0.0018090123336863,0.00573056542652367,-0.00852100760871712,-0.0330896433235546,-0.0555680207176655,0.0199200566631579,-0.0112982233235599,-0.0450135422429928,-0.0164595018516981,-0.000349492518549528,-0.00933877686362867,-0.00114919432774472,0.00262518236617275,-0.0184676011791309,0.00363851799926605,-0.0841349015682489,0.0401120429850565,0.0129746336553658,-0.0128563154587815,-0.0173012078630788
"22",0.002648,-0.0352881210730047,0.493772748722657,0.0120699706890199,-0.0195145531112189,-0.0197045165002312,0.0603391126036939,-0.0031883057867322,-0.00263574924527804,-0.00479202939194091,0.00225178207809105,-0.0221610676214372,-0.0104406127938464,-0.0110792649309921,0.0185715969310883,-0.026341527543494,-0.0385594809913824,0.0126281217570304,-0.0283155164983797,-0.0282026248237488,0.0245167211683424,0.0273147509765011,-0.074016427405983,0.0221099825304553,-0.092260444800025,0.00513980522829824,0.0747020288996669,0.00160342669810639,0,-0.0575225166517838,0.0166867286254887,-0.0150051872729235,-0.0214132008684118,-0.0160039881457033,-0.00676770813333736,0.00640271998396095,-0.0140478215938159,-0.00204457591218651,0.0366136573642823,-0.08983054153743,-0.06225900230019,-0.0968005507904804,-0.0393548470838894,-0.00416563353909204,-0.00717708095239336,0.034169743042649,-0.0202754986735403,0.0053639785455038,0.00862025184013257,0.00503950312255386,-0.0130926435438873,0.00671070829816213,-0.0472860621028624,-0.0199901135211868,0.0277186090218511,-0.0256444702135408,-0.0220251425678363
"23",-0.009075,0.00368014868804801,-1.06842623593046,0.0352203534164515,0.0458220830370941,-0.00215280493501996,0.0726183448175916,-0.00182118825889721,0.0182185116138969,0.000300018313843364,0.00109426941675529,0.0258990845370907,0.018446428763583,0.0231066266796938,-0.0254539953833206,0.0304416796854582,-0.0553709830647509,0.0127416876279423,0.0493704804532197,-0.035387449758572,0.0868611086758407,0.0291310009774391,0.136322122835826,0.0663038655452707,-0.0171404054721325,0.0116194396587441,0.0224039444754978,0.00416766408595722,0,0.0565660749184623,-0.00949020588799288,-0.0165596657297288,0.123449087908804,0.0176402430968982,0.0204672255226049,0.0092261592421842,-0.0381864418834208,0.0822515583210497,0.0741401415824591,0.0694921358602796,0.00157353949402171,0.0741138838171931,0.0875613715687316,0.0110116848009619,-0.0779981779752836,0.0267255848406855,0.0196850951124813,-0.00640248658271171,-0.0125118128289768,0.00690672360655152,0.000120680601415374,-0.00120987290995116,0.0881829502683655,-0.0387849546650485,0.0612859873232296,-0.0569372741908686,-0.0132682215738626
"24",0.032355,-0.0778007666550393,0.411462828603609,-0.0287977859041035,-0.0130202628040004,-0.0342941130337888,-0.0659646037082756,-0.00665268865795922,-0.0309845819448238,-0.0176956770244354,0.00412863486891068,-0.0320221115853228,-0.0205032487662756,0.000866535730202024,-0.0161554709892946,0.0103849919072543,-0.042144387408651,0.0629482884414554,0.0308416891697183,0.000484646225342657,0.100149421372654,-0.0649880087366011,0.0317570067653623,0.0126536197378487,-0.0124267242824905,-0.0112800958230756,-0.00977529538095507,-0.00489455164198445,0,-0.00812225372235446,0.0302853217362058,0.0331843554710836,0.0189837765520676,-0.0300190097776616,-0.0275461632491659,-0.000752096193130085,-0.0292714134119585,-0.00492436489428775,0.00975522754587513,0.00240986910778215,-0.04192366519613,0.000995347874560636,0.0120997512336366,-0.0484905270178836,-0.0512128144394907,-0.0417286300944285,-0.00457981943553165,-0.00710379218241462,0.0121733086999563,0.0123168790369284,0.00264891589443237,0.00424513847280607,0.103035294365687,-0.139464480606,-0.0621570023249569,0.0341456778725118,0.00622228331407526
"25",-0.023936,0.0419979534804342,-1.36182141610294,0.0536509853620685,0.0492245118315646,-0.0353995573281709,0.0500062824997361,-8.81221852679376e-05,0.028174045934718,0.00675509985915259,0.0561702310801639,0.0304813793075718,0.0104316107537859,0.026233176862325,0.0680090843761671,0.0476772886918094,0.0727419657163705,0.0139370676251782,0.0451362526386434,0.0153931830760575,0.130601642801465,0.0937344794103884,-0.0157966371126291,0.103928121762613,0.0112218621801275,0.0198335356470454,0.0240368600036566,0.00741829377297005,0,-0.0131865527139455,-0.0495671403687822,0.0334766033307278,0.020672435319176,0.0634250441855024,0.010560167933953,0.0128053736767535,0.0334734286697379,-0.0392875307008835,-0.0302055551024337,0.0175553061864569,0.0403366736849294,0.193878891595792,-0.0053888981967319,0.0277010999609601,0.0307398079627675,0.0593216626310144,-0.0223861495960181,0.00858856487167107,0.00825785217639597,-0.0120322138037813,0.00962765250951453,-0.00159181915945077,-0.0247254174177586,-0.0294344451304141,0.0172352992885036,-0.00347359292966292,0.0213592667898446
"26",0.000564,0.0178060668892711,-0.569075865076175,0.0130044481804626,0.0254726467047218,0.00154738980503998,-0.345737088696096,-0.00294527303675283,-0.0436521925851601,-0.00388681507659036,0.0414039303571016,0.0212443014303015,0.00455583747489874,0.0143005213707061,0.0326039125399184,0.0170264204466147,0.0609219044497862,0.00632793367046792,0.0345897568919796,0.00915304277164099,0.173805326692817,0.039179157873964,0.039198713279598,0.0162098801841012,-0.0311131992751641,0.00629169110674652,-0.0359012875854253,0.00205927167944914,0,-0.0193987869147605,0.0247591584229129,0.0168693946690244,0.0536186794760725,0.0140372848840329,-0.0098598021690034,0.00690464333243295,0.0186043572351603,0.128180078465178,-0.0309587620566102,-0.015710709406642,0.038222644537705,0.061008971451301,0.156616130574521,0.0319400138478258,-0.0246571416724705,0.00543341285509808,0.00334918821095071,0.000216663573490691,-0.0114091715253244,-0.00404241073300478,-0.00614898121584302,0.000737522668150732,0.0262566789691431,-0.0152946653980901,-0.0429897079819058,0.00943543079966438,-0.0157027051457772
"27",-0.001214,-0.0575418510313551,1.39297270561249,-0.00194258621459471,-0.103260671476186,-0.0323886603675369,-0.029138156110316,-0.0027379255178165,-0.0031995926224766,-0.00311451610696787,-0.0011347608109438,-0.0550899134966579,-0.0234638182012554,-0.110376773606823,-0.139038831281334,-0.0393832577441546,-0.0666846944247428,-0.0805287647466732,0.0566210633785378,-0.00053289543005748,0.0552706125507457,0.125298154830964,-0.0867151074409525,-0.11227799771475,-0.0405045237301311,0.00727444211052821,-0.0405398473046038,0.0024481835685218,0,-0.0177891723527944,-0.0273274179623383,-0.0353482301207407,-0.0102309324206903,-0.0816887404035409,-0.0706161689628634,0.00733286776313507,0.0531370404413019,-0.209578473456825,-0.0540714409688686,0.0123859221777531,-0.0754399655751128,-0.0466138165463165,-0.0259930167967862,-0.0106900062878607,0.00376587189892875,-0.0215243370978346,0.0048606842916446,0.0142803892783373,-0.0303236647116077,-0.0103706917333831,-0.00538127264288626,0.00301465618211509,-0.0365680920862353,0.0362731659895323,0.0660030312938041,-0.0381945980533628,-0.00360776685222466
"28",0.033538,0.0313803150910071,-1.36593808070064,0.0545280783442192,0.0477869846102704,0.0155564459609714,0.0499057211589209,-0.0067906482276452,0.0301410726246564,-0.0182095294884756,0.054241556205487,0.0633581299964719,0.0440683643379093,-0.0332003228237427,0.0522765106470245,0.0200645844072585,0.0524802108116812,0.0957746598816667,-0.127536847031472,0.0136253916062063,0.0186467010632621,0.0125274885995375,0.174419275216854,0.0846741192784195,0.0147167112430387,-0.01193397345945,0.103457584939246,-0.00515331585164303,0,0.0469287148573311,-0.131769489387667,0.0399376460286132,-0.0210495223651792,0.0502331155229523,0.057239582974138,-0.00103701717261299,0.00935486915734526,0.0815502924643204,0.129145085303329,0.00229275894550416,0.170328152000602,0.0899842068867644,-0.0191918615090672,-0.0327550274364951,0.048724188211322,0.0152171170777557,-0.00757748542295392,0.0040007982056113,-0.00655538673458813,-0.011594122630117,0.00118553542483946,0.000401379333848263,-0.105444682574845,0.103901666484664,0.0214511293545952,-0.0203804480485467,-0.0141105285154422
"29",0.000803,0.0338022647083259,-2.32502715654643,0.112447677122428,0.172647253443944,0.0580307774174064,-0.182075928023194,-0.00297314483485507,0.0786505169925208,-0.00399062804269822,0.0622082280093035,0.0899947336951294,0.0528177367614271,0.0532719770711411,0.00290278150088015,0.0627988020142401,0.0141829990087093,0.0885353316101912,0.0551659408919926,0.0482801181164154,0.0248673261244406,0.0717574566573651,0.0119766717900781,0.0256656157785502,0.0819854083506558,0.0236791880703921,0.057823945614861,0.00200699387208786,0,0.0375137049321773,0.0922169544536845,0.0931669954023376,0.0677728104361886,0.112310500227477,0.0907195751127294,0.00684708110580876,0.0383411020462087,0.0360756970952176,0.0856527897691948,-0.0165344304862897,0.0663560760774411,0.182177455435397,0.147747663445401,0.0811835351099078,0.00617789090277478,0.10084171175904,-0.0101704727756766,0.00674646813463969,0.0124986684028532,0.00530764433770095,-0.0111336553334625,0.00464577956887325,0.0281091503324281,-0.0079380056924106,-0.0188547510759915,0.0176082738761051,-0.0218657085358041
"30",-0.005342,-0.0483985483628264,-0.0925167195689263,-0.00978245806108445,0.0265994923397381,0.0237850262089363,-0.0114945468621345,-0.00225652475394182,-0.0125311939438706,-0.00132146203126392,0.00749431315221024,0.00786986845672747,0.00825704928618867,0.031964037029356,0.00824738163958586,0.0112690376091012,0.0250537095840757,-0.126426958370268,0.0421967004302155,0.0197993140866424,0.0260350591625021,-0.0158089184762801,0.00914985381342666,-0.038180808552822,-0.00798414629122451,0.00823779667127329,0.0239602097291562,0.00335112410738116,0,0.00353986083812677,-0.0220431279587619,-0.0106957521843684,-0.0249934932151736,0.0047431077679032,0.00768767806653757,0.00832708061461895,-0.00697863614056607,-0.0042575143166678,-0.0023587680205141,0.000481220571003163,0.0793052109043022,0.0152934538181204,0.00535326632525694,0.032492761304305,0.0126081746746653,-0.0150722110806616,0.00591451278053789,-0.00792872241692118,0.00952006481104105,-0.00103711186535488,0.00623295661619096,0.000251871960185964,0.0111466811573389,-0.0805811967240891,-0.0850280979632963,0.0565426531501172,0.00823010795163801
"31",0.004772,-0.000817275753385483,0.139058151795806,-0.0182798772058036,0.00809931077390821,-0.00364915005732614,-0.0151044411474614,-0.00343600327279563,-0.00551461743528847,-0.00571461826228858,-0.00899444827325488,-0.0747874689372853,-0.00354237758573102,-0.0163769251258449,-0.00538033860741138,0.0120755260985351,-0.00367330009486472,0.013038151171505,0.0473900556621919,0.0107840378332372,0.0241130979018099,-0.00585953619246897,0.0138024879901317,0.0016669843894829,0.0177816665542072,-0.010010977315489,-0.0121273475433155,0.00113883229293747,0,-0.011940645166841,0.0201065364260779,-0.0253515177743605,-0.017666066639482,0.000699868663763446,0.00144438677207543,0.00589116279002883,0.0193834554318144,0.0101102101129085,0.0015942374609365,-0.0387769386873932,0.0210197529289248,-0.0394954661867655,-0.00679542178178541,-0.0524768181978266,0.0201901370425258,-0.00361647284833929,-0.00651559426524129,-0.00243376075666286,0.0131301168725148,0.00195667892756094,0.019721045681629,-0.00504785025880681,0.0039861873331191,0.0600471965396476,0.121449482031886,-0.107254607077396,-0.0634393939799685
"32",0.002742,-0.000417859852116279,-0.139069514551382,-0.00639665922295974,-0.015353948268394,0.00867445276799979,-0.00563247948958517,-0.00319926791652974,0.0116731273483942,-0.00483285959618417,-0.00259997784006407,-0.0108173471677557,-0.00639274056651105,0.020227598102959,-0.0209876767307908,-0.00277954985634876,-0.00410142313172603,-0.0064187385022323,0.0383757437552026,0.0110088279576113,0.0244988583684111,-0.000568100583101563,0.0128686490165593,-0.0201095378047872,-0.0115619239171455,0.00508784876353137,0.015589205738509,0.00158286555211492,0,0.00458495295248933,0.0103953045858248,0.00510346243824774,0.054686284609042,-0.0472625677014931,-0.00825487103008998,0.00638008044712968,0.00582569387023833,-0.008989016842173,0.0218928724716566,0.0167233506981362,-0.0160848272366316,0.0228777945486091,0.0527209477758662,-0.0033781436870762,-0.0152845504033938,0.00971566012993909,-0.0174361841065956,-0.0190858619098018,0.0333924090018997,-0.00763047985551274,0.0122224310816124,-0.00130078131114911,-0.0349968103138738,-0.0374300546654234,0.0315973861579818,-0.0307966873910258,0.0224911968717205
"33",-0.001152,0.00443866068789745,-0.341965928200916,0.0362831009624094,0.0413405444847849,0.0498293643047951,-0.0136038724406428,-0.00274515585874679,0.0264507299454086,-0.00314144666721343,0.00574073905351721,0.0341694077860994,0.0187037655860822,-0.00988086503451318,0.0160306273352313,-0.00715407199891251,-0.000668271096416325,0.0389733952324671,-0.0103411070620173,-0.0404431451251752,0.0252388343570541,0.0248180822383208,-0.00262196446631353,-0.00411840362129134,-0.0353354211128614,-0.00627624787482942,-0.000552171710226403,0.00243462196159126,0,-0.0101204399129825,0.0702006142242069,0.000951956764180235,-0.071476119360212,-0.0250696268262923,-0.0144085845457467,0.00731793530267189,0.011073457251234,0.0261382161868554,0.0562854640472033,0.00875852155400313,0.0281934941855823,0.00274301338469747,0.029597205653359,0.0180041282218809,-0.00429370245235833,0.0205006646561337,0.000752805700977861,-0.00767283517081784,0.000949555719465459,0.00207563859033879,0.0170985037563301,0.00578243262427011,0.0461842334890163,-0.0253891316003711,0.033390090504529,-0.0253373519699367,0.0361129601874302
"34",-0.007306,0.0538455967444135,-0.249699701424994,0.0397710315748194,-0.0394965103662089,-0.0028317872677023,0.0567700659648272,-0.00202748621221462,0.0128227496345377,-0.00046837138090477,0.0182109582124819,0.0158128054361338,-0.00695110951645351,0.0131372394122208,0.013637751989162,0.00557720574253104,-0.126981958548033,-0.0174350942393484,0.0133348721956892,0.00983302017415887,0.0264082776631941,0.0104664532810674,0.135074262443655,-0.123723525541112,-0.0427684167986291,-0.0143481241364864,0.0323908242273727,0.00378072081724545,0,-0.0126664729813696,0.00294089605395459,0.0086076610043796,0.06438856626635,-0.0338936673661899,-0.00545215145565115,0.00880010242671061,-0.0111624525205041,0.0894596575832288,0.0297530394342125,-0.0115452223975266,-0.0100012251203864,0.00905227327282037,0.0203390790074022,0.00281899627016662,-0.00943181030002566,0.0238509807410041,0.000845992416807326,-0.0115407544945346,0.00681774239917593,0.0113369024090988,-0.0175292908323868,-0.000366466686302957,-0.0735768646255263,0.0519388483946102,-0.00791310256475657,0.0244419193546791,-0.00191963340613359
"35",0.003735,0.056851063290345,-1.6022523982107,0.0511565457570139,0.0518321148134817,0.0358333369115525,-0.0452134484925087,-0.00331506998981645,0.0507542932190748,0.028328957916025,0.0296073327836107,0.0111338383134606,0.0525736342298607,0.0193274653169223,0.0110180068396936,0.0291723040990772,0.0693899833263869,0.0262693777656909,0.0804117754202147,0.0901069182222351,0.0243101587904136,0.0555656889162847,0.0133254480809719,0.0461296676278661,0.0761749486797474,0.0605432701993827,0.037323809216707,0.00136566110563058,0,0.0874742779033134,0.0424125296219938,0.0372637304801933,0.0663843117979583,0.0220555554203902,0.0184635218254796,0.00614092023358232,0.0330582733449329,0.033664374874896,0.0157706353517359,0.0481989413654947,0.0521993313792908,-0.0502379099385073,0.0907422569513782,0.0710350543176531,0.0262369284088884,0.0414125825127023,-0.0149134274430567,0.0033944425927695,0.00616412855535003,0.00134903741417895,-0.00903948204428465,0.00848845048274664,-0.120830753304517,0.154102826760637,-0.0576605241251484,0.0519771302741722,0.0247590059507279
"36",0.003571,-0.0172886190190223,0.186182493035854,-0.0150760229137263,-0.00559755814492687,-0.00875153982448136,-0.00995335506628735,-0.00329594457187182,0.00707041779079913,-0.0226588734366447,-0.0269142581139954,-0.0100229718238412,-0.0175560320779227,0.0818740257762875,-0.0186734854034351,-0.0104447143080162,-0.00678062667970677,-0.00333590050906647,-0.0247517681723635,-0.0195095634911398,0.0243413236754001,-0.0170779543798782,0.013250004932368,-0.0121703068065066,-0.0068833787724484,0.053962250263007,-0.0144892270094524,0.00140153374331782,0,-0.0144371608836495,-0.0318636350744837,-0.00826706412254022,0.0375446986164495,-0.012555686567084,0.00314357102135914,0.00618041899996879,-0.0278679361132098,0.00500335194802859,0.00860831315671792,-0.0130730026531112,0.00703084991991076,-0.018301989047718,-0.0111038149979462,-0.00904742642376288,-0.00668497362439718,-0.0111584628468326,-0.00912568976702692,-0.000838615019100242,0.0148909108411264,-0.00834241728672282,0.0122964423312181,-0.00407360870058893,-0.0150559810060214,0.0883479546694827,0.0738323991543762,-0.0188245172736476,-0.0215404548054501
"37",0.001912,-0.0151061086215383,0.0297677625059126,-0.0275560631366077,-0.0140052351313117,-0.0108286641705063,0.00657539595481719,-0.00310247464278555,0.0297370668171981,-0.0290271350035842,-0.0109301945726429,-0.00215580257465889,-0.00429460877085894,0.0249323513553749,-0.00921544172419361,0.00621396364970983,0.0272484944867617,-0.000744386494457015,-0.26928533251125,0.0656923985548144,0.0246565830912087,0.0397819146079632,0.0124868330815519,-0.0223986076858313,0.0130751705243003,0.0891076551981639,-0.0102906060882336,0.00176441609650767,0,-0.0368227789027504,0.00514603406800603,0.0704081039378739,-0.0376452939966798,0.064135157295114,-0.0270479009382957,0.00657998274042707,-0.0154896406012173,0.00564690873492043,-0.0217047739232491,-0.0264807683133742,-0.00539629597835843,0.0232965767736581,0.00542878293917942,0.0544286466294185,0.0161172303508107,-0.0226993156113076,0.0201210413174199,0.000177803016275515,-0.0176534102572969,-0.00310993842312386,0.00322888219776639,-0.00251884470752328,-0.0899709826554443,0.088679137057061,0.0364410923852361,-0.0318380600318776,-0.0563856256385419
"38",0.005612,-0.0633151802636298,-0.170136087947371,-0.0147686364168267,0.0352729464442128,-0.0343094739644176,0.0130853331836934,-0.00353396273056082,0.0109498281042207,-0.0337682698490186,-0.0240513941620615,0.0292114165458829,-0.00579384764250834,0.011688018938507,-0.0992656609926099,0.00432111872698835,-0.00909769685976285,-0.0368088804063146,-0.015886616709679,0.00120672461550322,0.0239534728811473,0.0177223471109389,-0.0432763227535194,-0.0128690438860635,0.010564909115484,-0.0982865238247332,0.026628044552679,0.000955094392588183,0,0.470786488562158,-0.103781445009487,-0.0393379247636829,0.0832306344839782,0.0102919492622801,-0.04150617047949,0.00568885203536641,0.0185206469300144,0.0191659992766151,0.00492662453647037,-0.018915561761049,-0.0150567597510777,-0.00881551983261284,0.0486258959460848,0.0247939217004659,-0.00805546225309247,0.0290461749142907,0.00284676479108564,-0.00174879886081512,-0.00223667961548296,0.00483884372566214,-0.00016520145951705,0.00126350577630952,-0.0251393699570158,0.00718672820716905,-0.0296501230420159,0.025369031050097,-0.00403649996133606
"39",-0.002021,0.0517664684093335,-0.624722440343271,0.0214632956425269,0.0449240858677927,0.0316789067883796,-0.0615438659765337,-0.00264381446732065,0.0450037007818893,0.0504345577784479,0.0438295965075864,0.046747262556176,0.0432605856299625,0.032253009579326,-0.0232372055059928,0.0109674643069063,0.0416143184092247,-0.0330567324268063,0.127380612031637,0.0811006574644316,0.0254039702415253,-0.0215206623044764,0.14528584727962,-0.00865052346330183,-3.71968662762597e-05,-0.165112043865994,0.00956972744346818,0.00262470319421451,0,0.123894866356916,-0.00624661551928432,-0.028713231674716,-0.0455197745293646,0.0149422118465709,-0.0225521398802066,0.00752723059529289,-0.00653586816375989,0.0780956461884195,0.0924412146159782,0.0266834447513903,0.00841096945731804,-0.086248082769898,0.0249779011154604,-0.137551924888387,0.0941985357527372,-0.0525886679469419,-0.00512817626988098,0.00915361009225379,-0.00463000323018188,-0.00221836003571281,0.00103036419971765,0.00280482582634394,0.0828581284218549,-0.110182906006416,0.062293098842742,-0.0476921697776786,-0.00671477100173675
"40",0.003577,-0.00243660747508324,-0.700389361949577,0.118075205712334,0.0401676449677658,0.000697434999525816,0.0712836003347508,-0.00329664428228443,0.0265834523653828,-0.0215380171826048,-0.0163382204524406,0.0790233512914681,0.0403419836317618,0.0882339475490363,0.0366750919190452,-0.0143902843093649,0.106634392843557,0.0508145399557445,0.0345751971269963,0.0209526796165753,0.024340183496681,-0.00329390936146855,-0.0327867047925751,0.0806005094749578,0.040364197044925,0.0204566935729764,0.0589452051503129,0.0014002213297439,0,0.0428242393371278,0.0506339527684173,-0.013605968448589,-0.0156292492660166,-0.00845553593290423,0.0177947634807605,0.00617897392314977,0.0461058842638865,-0.270942562770752,-0.115877526301671,0.0498278033178009,0.000162636810809881,0.00121992223059574,-0.0124355876467456,0.0959099710494154,-0.0282083296878964,0.00880083029446949,-0.000330423613279571,0.000329407989927609,-0.00483017262913225,-0.00225660081196153,-0.000695238694594549,-0.000793404384894028,0.0333644256478244,-0.0602423918206588,0.0221229301434655,-0.0304150599155898,-0.00634733235781121
"41",-0.000553,0.104282800205098,-3.33744497983599,0.0976984178862524,0.0618733226926128,0.10701380423045,0.152592904911505,-0.00281501028160554,0.116647765039246,0.0908361701821189,0.143913026018424,-0.0093324322656062,0.077036079774065,0.0249926860415319,0.13596304668697,0.0916243673386679,0.216764629154627,0.123180286863648,-0.158444201609332,0.102858601117131,0.0251250065149388,-0.0104332332923116,0.0162716159925885,0.102863893562486,0.0524061236076243,0.125830539323017,0.129696237836001,0.00230359933979457,0,0.0912433643656627,0.0836399279759714,0.0759169390437596,-0.0128874653572079,0.0949645553140045,0.0950345298860999,0.00717366846690667,0.0742926154625778,0.0553655694754158,0.0991039987055268,0.131915264732172,0.0552264116192768,0.0961959425757011,0.123643432294481,0.0987776861353555,0.116781307301263,0.130307184969078,0.000953522385182491,-0.00300391085264562,0.00216216694115505,0.00284157547921012,-0.00196721633513253,0.000548528818356432,0.15625184076274,-0.0722442263687348,-0.0217561869244188,0.00920969722483977,-0.0136326514591751
"42",0.004294,0.0171737084408332,-0.329547314144184,0.0168943487213731,-0.000394408971250572,-0.00284703161178157,0.0313589003900894,-0.00338025967659115,-0.026511508257885,0.0439127849438964,0.00529653526596446,-0.0185070042310369,0.00723360828789152,0.0615261359822213,0.00978099482837215,0.00959845966099879,0.0210612368793217,0.00519358475369905,0.00459529382198766,-0.0062368709208852,0.0242039321397583,-0.0633593699446987,0.0110135348693603,0.0698652456768817,0.00275319995386661,-0.035427589152539,-0.00799914021676163,0.00124338790766004,0,-0.0211458198533504,-0.00898156991896903,0.0676135841678595,-0.0161052441964321,0.0065881009985018,0.0463159740482461,0.00600628724327721,-0.00807818513423273,0.0474512679234951,0.0163945776055167,-0.0345454066376231,-0.0201417525893069,0.0150872877646355,-0.00115536864916647,0.069779113773873,0.0021942284190722,-0.0157714703619578,0.00895177435348465,0.0123449368607224,-0.01907396467395,-0.00315668299623581,-0.000439783484427343,0.00769959633263164,-0.0813631986296836,-0.0330995373243496,0.0919322018273999,-0.0744792819514897,0.0618536417384887
"43",-0.003184,-0.0151311753960792,0.477756891120647,-0.0452484000461049,0.0323006905261119,0.0149004414847923,-0.0679600731631477,-0.0025081872656767,-0.0313218951762251,-0.107455884838003,-0.0266576750973296,-0.0444153736218801,-0.0205161409990842,-0.0028015489152522,0.00677208658000335,-0.00239363261427062,-0.0166564166459468,0.0403084915394869,0.139892856632204,-0.0333036382865342,0.0256249748832284,-0.0559593192152139,-0.0407736812027931,-0.0725481256577603,-0.0151745599354921,0.0580228391425062,0.0119901787414283,0.00287909269196001,0,-0.0469708056964968,-0.00301464238640706,-0.0422156521243761,-0.0111408228719596,0.0939614936542277,0.00293716670905578,0.00780733465204574,0.00371478826996227,-0.0344308130258607,-0.0142595477488878,-0.0440088440923448,-0.0182438845601124,-0.0443450484413471,-0.0393001735349864,-0.0329795561562959,0.0190966288141102,-0.0062304367259013,0.0153132551028746,-0.00226160300982814,-0.0202160830812158,-0.00220293957299473,0.00810325280274235,-0.00562635069605843,-0.0595036272022294,-0.0743077206443762,0.0636007603395,-0.0586659596792254,0.0650095468452546
"44",0.003653,-0.024449812352875,-0.32551460478255,0.0662475608796705,-0.000862928738674814,-0.0215912968612214,-0.00526175995361708,-0.00330550728084413,-0.00612763339087395,0.0101524162432009,0.00331507768136999,0.017801601418953,-0.00513765514573557,0.027255790362565,-0.00509400030036532,-0.0139035011169702,-0.00714320519648839,0.034370900025787,0.0840736741008046,0.107245473331236,0.0243257412329068,0.0648297585616914,-0.061968027630386,0.0399798268891833,-0.00497166316204653,-0.102280874126934,0.0253648258705703,0.0013835974244742,0,-0.00485649771791607,-0.0157270122866079,0.0142182827429206,-0.0156797034009003,-0.0270047147825463,0.0208853691054908,0.00616066961677556,0.0414111881754193,0.000988689182011377,0.00129514704421381,-0.0206346822801343,-0.0309891523083943,-0.067201314648809,0.124186046265244,0.0398510045769055,0.0774094030169467,-0.0630464962834501,0.0234150082939115,-0.0107688065915378,0.00584477835935973,-0.00352298701949622,0.00258394266375825,-0.0144713545920026,-0.052928324395348,0.0957676836848085,-0.047986640732797,0.0507110090731737,-0.0245137705266834
"45",-0.000749,0.0338690633101859,-1.06949506482794,0.00476716477111594,0.0335905074993703,0.046212024524229,-0.00208785026540797,-0.00279215307479366,0.040576591531149,0.046190334187198,0.0111817960699843,0.0413790088390219,0.0229698811478152,-0.02312620237017,0.0663848101731871,0.0342778126479644,0.0552853653943294,0.0532873192349495,0.0222811670459401,0.00389828858999105,0.0251622523530934,-0.019287343883313,0.0805185606081874,0.0440861080219387,0.0517149323688613,0.0186418051348917,0.03025124736559,0.00234647151654273,0,0.0341318959562918,0.0852219611765478,0.048662446035215,-0.0127573467988238,-0.0271861173690785,0.0172167401592287,0.00722087430966123,0.0266275312636882,0.0679892002257405,-0.00149237825133111,0.00646208800809359,-0.0343530144640554,0.0039018303471524,0.00994379593099602,0.0245133732236246,0.0181138379933247,0.0736993843398142,0.00760775671802997,0.000921875416457362,-0.0158428541911131,-0.00959656169017611,0.00776707852664903,-0.0116884320705617,-0.00772494339345442,-0.0673997073739448,0.0236758347716457,-0.0421856800703891,-0.0100563510031672
"46",-0.011755,0.00813101029347909,-0.0833746662363753,0.0234705553141634,0.0052119886141093,-0.0266411005652655,0.0499196528492089,-0.00150865094126539,0.0345344738582994,-0.0542875736038792,0.0192923365271166,0.00815159905279797,0.0144038861282097,-0.00529584416179517,0.00826474501006011,0.032805684109555,0.0251197402554287,0.0044323805754029,0.0214575311757356,-0.0283159940975432,0.0272537201833463,-0.0499250191675399,-0.0396964096723245,-0.0121758339742844,0.0104105812049959,-0.017049272196172,0.0160051719389763,0.00475387548230971,0,-0.04470612664922,0.045673298474473,-0.0118421947420291,-0.00545079142343675,0.0103674865993038,-0.00366863910235282,0.00987162688801192,0.0128231854287486,0.0387014732352732,0.00267128309975617,-0.0341093100229369,-0.0652013359063518,-0.00161946208720891,0.0579660503298802,0.0153937568151369,0.0112302788202111,-0.0334491477140089,-0.00058483315909635,-0.00413575533543425,0.00996020859809495,0.00343190049581311,0.0120531878803,0.00295370040382206,-0.0482335680988887,0.10962374220809,-0.0774232170871292,0.0936671638501693,-0.0105555477237189
"47",0.002975,0.00769599700016121,0.954236161276126,-0.0126432787935174,-0.0722817953414272,-0.048859826609096,-0.0664936620862758,-0.00322644000421937,0.0644825631853693,-0.0725109683351116,-0.0246348015433971,-0.0432623286297385,-0.00789822365856516,-0.0046967856375173,0.0494981145236397,-0.016361248605672,-0.0806256475468007,-0.0191406393543332,-0.0023893782683113,-0.0295686358516726,0.0244545814281559,-0.0129195576808493,-0.431301761389103,-0.0406136933265341,-0.0161731137455875,-0.0129261087564351,-0.00332962864062055,-0.0273703341160471,0,-0.0598459096050403,-0.0195749821159704,-0.0192156399352743,-0.0152295994081225,0.0585069314207318,-0.0234983087912326,0.00632396329732451,-0.0628246620847641,0.0411348157188907,0.0395009890190411,-0.0293736300183196,0.128728987126581,0.0189665549132246,0.000261627777367864,-0.0405011013951101,-0.0173219182129125,-0.0571776771990353,0.000513297432621962,0.00696304479015576,-0.00966305155297395,-0.00350947736939497,0.00716396917750703,-0.00243819256270377,0.0403164008123719,-0.0487409237288898,0.00877535386019998,-0.0165915196838707,0.00145957599500879
"48",0.004651,-0.0218385098916687,-0.322563658012186,-0.0121674321893512,-0.0418308960565962,0.102465066870584,0.0372548019402214,-0.00342189244614136,0.0191386737256238,-0.0440358769639332,-0.0153540193161138,0.0211072822993486,0.0167464370977388,-0.0112837871609131,-0.0110094614863859,0.0137564546950546,-0.0461824848293969,0.0258008125525104,0.0250850954169459,-0.158025266969323,0.0241360915059767,-0.0288141364106396,0.116155619000048,-0.000759607263601293,-0.00862058934613315,0.0506444011732375,-0.0744365213251599,0.104451626730772,0,0.0385010086459893,-0.025188323854231,0.0215346617371427,-0.0163422458563461,-0.00870167299914432,0.0321001002335357,0.00592030517254568,0.0282651703762276,0.0086852520729136,0.0473575801467704,0.0520219410067684,-0.0367750542349208,-0.00157890473679021,-0.0136682971965575,0.0600951924575139,0.0190608317468982,0.0323142319411659,-0.00658464376936132,0.011929190136727,-0.00619676997840961,-0.00848996130269149,-0.00186616433618333,-0.00234569839075964,-0.0357519730615527,0.0529084728239774,-0.110206012054957,0.0923351383614748,-0.0247270550715952
"49",-0.008706,-0.0341427715596767,1.66883354283074,-0.0596049405607151,-0.0538233224957121,-0.058398248462522,0.010023205891643,-0.00186422044927263,-0.0471837772942569,-0.0890234473229803,-0.0115296440083127,-0.0411508857233455,-0.0340351401586696,-0.0337065287883409,-0.0380467278747589,-0.0224008929967797,-0.0846614098940406,-0.0852995780036951,-0.091302757588281,-0.0303993305426699,0.0266743193642984,0.0321093480526483,-0.0391199983165849,-0.0321434448337578,-0.0226931890674742,-0.136756544709786,-0.056601706017123,-0.120850307962325,0,0.0227898832209214,-0.0632503440741836,-0.00297894857443741,-0.00747493165054516,-0.0303582070409655,-0.0202812114656548,0.00913728701781464,-0.0410451351984729,-0.0345249544753685,-0.0314206902046643,-0.0740761436081404,-0.071751769281063,-0.00709459849474892,-0.0297536046392984,-0.0484356533861036,-0.0693738159920304,-0.0130087636613135,0.000195243070354269,-0.00163486557122612,-0.00399042416531094,-0.00766787887907596,-0.00621738660163594,0.00081670036866118,0.0856447337383973,0.0356898566571153,-0.07029202008026,0.0403478027738439,-0.0455611628626257
"50",0.001142,0.0146174591468645,0.106517594820562,-0.0105414912065106,-0.0215113286322602,0.002976069259406,-0.0328485509350821,-0.00301267847316746,0.0230500154915614,-0.0034826709268612,0.00634070853603971,0.0212562608650538,-0.0141484588091353,0.0108861789021735,-0.0185972844111011,0.0119124044989906,0.0177503308196347,0.00736677608126569,-0.0207515136058841,0.0111671249417935,0.0248029060268161,0.0410334928041245,-0.0485491941562378,0.0264851159652751,-0.0151149115440297,0.0259659494642926,0.00346253865984908,0.0275696437063015,0,-0.0162264437616709,-0.202931780683575,0.00233683723025357,-0.0140127253391524,-0.0355278982693227,-0.0207409075114006,0.00676543426553429,-0.000769229436984524,0.0253939320476694,-0.04926503119409,-0.0403073543903496,0.000194123802863232,0.0328038932146889,0.00814328157497626,0.0134206759871037,0.016452710761491,0.0796679944122301,-0.000272984279410807,0.00289146316064306,-0.00989158373882218,0.0114514128304607,0.00685443264746534,-0.000869809532791519,0.0669046148142508,-0.0386967837608494,0.00716670030607081,-0.0261208160059074,0.0266581896392345
"51",0.000368,-0.0122221727960303,1.27385583626794,-0.0246555035702851,-0.0838774999317299,0.0106555575351198,-0.0257549138093968,-0.00292241582994096,-0.0831258529488723,-0.111440394980074,-0.0283180017457886,0.000949799226083692,-0.0499732370723025,-0.0628126389560033,-0.0592683925645204,-0.0199660196057367,-0.0148994479121095,-0.163398741570666,-0.0494792649341857,-0.00396269427293883,0.0249499890815694,-0.0955854363525045,-0.0588097426094046,-0.00240498840497274,0.0203799491338465,-0.034226654890691,-0.0566082224924452,-0.0426017023088309,0,-0.042738858219558,-0.0304833675097718,-0.0575856040463117,-0.0134988898075742,0.00493328587326574,0.0354087643560129,0.00695184917518751,-0.0092341747954814,0.0140930042503085,-0.0405418941500577,-0.0155714409544555,0.00796048236149484,-0.0831643370632166,-0.0356128290953546,0.0336012498602293,0.0516905858289038,-0.0706850177487524,-0.0101513116588997,8.72769408254235e-06,0.00364364362075966,0.00374070991188237,0.00723139801486092,0.00202163123175213,0.127035589188069,-0.102162705441453,0.043967664562107,-0.0453139672760132,-0.00647208372114903
"52",0.021218,-0.0124980168198701,0.0590715928660343,0.00869900192899386,0.0499595259745808,-0.025226472926448,0.0760451496554175,-0.00535390951375565,-0.0288212485676879,0.0355692379796831,-0.0105588743713173,-0.00250712194206784,0.00675632969151898,-0.00888136533588085,0.0531355011669908,-0.0399417059228887,-0.0310464103153677,0.0444153896189727,0.0326034188117528,-0.0606158599355514,0.0209878680329801,-0.01273635452705,0.0213679637336646,-0.0196077794751517,-0.00648964364181798,0.144363059296207,-0.0396300649892881,0.0216168017395746,0,0.00196992372161057,-0.00491767449391743,0.0461972719397191,-0.0273405833907852,-0.0552534013320591,-0.00569496401399667,0.00193020722910248,-0.0171129933161581,-0.0844310006106785,-0.0269831166310463,0.0168538596140507,-0.0485298178412936,-0.00980453284359457,-0.0142452980068758,-0.0352061737995538,0.0271950005556499,-0.0353027189924011,0.00400420913024665,-5.21624638885661e-05,0.00119311616261618,0.00359395246683064,0.00738494652903683,0.00267846737204345,0.128228438117832,-0.0226272891602379,-0.00437586567973572,0.00524371174381529,-0.0503947490103688
"53",0.025546,-0.0361341621811249,0.556182171442613,0.0230451359332052,0.00859188083640355,-0.00863813357802721,-0.0371911685503765,0.0495007686723347,0.061640623699754,-0.0356326240215574,-0.0322989431680109,-0.0559600813123916,0.00734068298419602,0.0131927796968919,-0.0623495080192853,-0.0220199682431342,-0.0556258588056887,-0.0345164429653073,0.046448546929703,0.0232745877885027,-0.0146412989450782,-0.016881308770254,0.023358926826089,0.0286210174717667,-0.00726029174240447,0.00247987206994223,-0.00734446158835249,-0.0227991362577742,0,0.0330122041354045,-0.0932065304405226,0.0106136066040962,-0.0302138135983697,-0.0121288385764915,-0.100124452624599,0.00088782515031802,-0.00482078432007646,-0.017468764503512,0.0246316857349794,-0.0386182113154189,0.0429346477994433,-0.0477546161476418,-0.117869774546682,-0.022922455788618,-0.00615335771779151,-0.0151819760471522,-0.00242354049983048,-6.91854892102134e-07,0.0109509973487652,-0.00229475397170061,-0.00260031821850361,-0.00497171307842514,0.0770119490617752,-0.102314092504807,0.00669921534106924,-0.0137733697665895,0.0335580840384593
"54",0.000733,-0.00340966330121814,-0.117148855377879,0.00950738487426729,0.0112970986644398,-0.027320264321134,0.0316562115184982,0.00217577700401192,0.0332984418553672,0.0387714603069246,0.0379960908507211,-0.0259604238420602,-0.0015787427675481,0.0167356109482111,0.0225738926383455,0.00559351897064662,0.0194025182817069,0.0184002124018472,0.0502623400679837,-0.000686962016771489,-0.18378679159118,0.00688226554504646,0.0119444704461618,0.0620261626067765,-0.0161568329937173,0.0360190241275062,-0.00739157106128309,-0.0952890919942387,0,-0.000285150176653384,0.027392165496113,0.00459720968787759,-0.0137412024290549,-0.0503499674798898,0.00600383792011987,0.00686394033536396,-0.0184255663798052,0.00481577158190839,0.0205073077134357,0.0613994396536788,0.103403361084378,-0.0356760385593843,-0.0263520387318121,0.0105939572430297,0.0248097584771946,-0.0613700672779327,0.0025415209784571,0.0079062299443135,-0.0165344696162333,0.00606470771687411,0.00434533660766409,-0.000730108120136164,-0.202471298352392,0.0878527594220848,-0.0838523311095507,0.0822874033662501,0.00740373655482853
"55",-0.004951,0.0381231858754383,-0.229145117559465,-0.00101760255232715,-0.0448064965458655,0.0162830091020485,0.0180690614786845,0.0267282646330015,0.00378045432504094,0.0630217189547664,0.0120301475017476,0.0138362500344982,0.0227152593519723,-0.0367142900856042,0.0385100883522723,0.0164758903821693,0.0234895279120149,0.0190506026887763,0.0843766215999499,0.00496610119363923,-0.629464845197372,0.0123258699624151,0.00932972132015908,0.0281192275527985,0.00778647401804083,0.0667019993293627,0.00330670107318072,0.0184128696127631,0,0.0136942884289241,0.0278598939409195,-0.00734916746097756,-0.00996776423591481,0.00193354701210166,0.00348731698210009,0.00823290977524633,0.028323416207766,0.0116862771867868,0.0400180710798133,0.0109420139978272,0.135037336325168,-9.20679318443733e-05,0.0653881718460393,0.0586158608864688,0.00521906571658011,0.000680135928888684,0.008248708573163,-0.00898195984177324,0.018663905159413,0.00153319035274376,-0.0145502720537576,-0.00164301208402449,0.0367082581094006,-0.000304683109460052,0.0191909765784513,0.0196730489914572,0.00833707947333016
"56",0.010364,0.00912241958217576,0.0980032057360664,0.0122703253611009,0.0852271508734425,0.0319509580043967,-0.0121191199576258,0.0621615709282844,-0.0196620729965815,0.154886194086857,0.0333849843470952,-0.0185967354823062,0.00233478232678309,-0.0362802655007523,0.0154812285445235,0.0187471749428944,0.013715228932401,-0.0539174010307038,-0.0417136348482395,-0.0687838618870675,-0.3113114666753,-0.00234140689402412,0.0163749153498445,0.0358516319851062,0.0537432940951708,-0.0130644381132928,0.044006967538736,0.0789694051769944,0,-0.10086374479398,0.0256121494830671,0.00357814044349898,-0.0201349362851655,-0.0295854455718738,0.00191144058252962,0.00454435119470473,0.0249086879527289,-0.00395865176215411,0.0168112664385186,0.0170072450228311,0.00376876146732985,-0.022198372422258,-0.00644885653145982,-0.0695969652000882,0.00339575753232159,-0.0371918619765307,0.0113795714438624,-0.0110618646843572,-0.00580303569846065,0.00313941322706252,-0.00279429508788334,-0.00102279765075071,-0.0765727588038532,0.0753535353669373,-0.0298172150654889,0.0433226925019652,-0.0132697565989199
"57",0.014006,-0.0301510219262009,0.205662452429707,-0.0247852531141931,-0.0652376637291688,-0.0180483801266054,-0.0819009894253402,-0.02326034743667,-0.048562070021087,-0.0485006861339729,-0.0122680326121058,0.0160843500033009,-0.00984059352752534,0.00369316118920792,0.0326793391493143,0.0101058274558485,-0.0293507677174397,0.0121705581222476,0.0171206187627857,0.0110030575187948,0.486428309241612,-0.00582937439720086,0.0180503052718892,-0.0135376849278646,-0.0360766423147041,-0.0382457911127144,0.016951807161219,-0.0585580917281889,0,-0.00873322388094505,0.00698510665130158,0.00214581198319228,-0.0225527515384055,0.0252723859391122,0.00322592817831014,0.00366718956556125,-0.0212188925675585,-0.0463397708535447,-0.0546010220885773,-0.0182802126702227,-0.0624915218472986,-0.0354593809830334,0.0272312849177992,-0.0562159170317758,-0.0512045711324775,0.0227731613036184,-0.00115517174635969,0.000768835955048245,0.0102340431848091,0.00143270253733848,0.00478840544636419,-0.00241701503044979,-0.140240811619229,0.197314795048301,-0.0903069257799648,0.113784241914094,-0.00378650994354883
"58",0.011166,0.00190600531235489,0.225762446361219,0.0147661844021677,-0.0343959447125744,-0.00697263485416339,0.140339004690407,0.0402771600638549,0.0104262069825472,-0.00191919009903334,0.0160597918421733,-0.00463279264362426,0.0124405394010372,0.0191392830861631,-0.0299139020152707,-0.00542215064979821,-0.0132506453508584,-0.00935810460508055,-0.0729249930442196,0.0351899534712619,-0.446001771784263,-0.00310948760175277,0.0167438507472854,-0.0409142619146332,0.00692181196676919,0.00912214631571688,-0.0131535500003309,0.0637954475707236,0,0.0165879481653948,0.0751784166886911,0.0152692625883669,-0.0206673601822271,0.0315415434538504,-0.00513529634118075,0.00435119259322942,0.0282781181615379,-0.0690996834918773,0.0282841148090773,0.00122581474969447,-0.0392184829321573,-0.0126755532554234,0.0428601453509596,-0.0552992297109517,0.0466082390910661,-0.0190095926761285,-0.00960795981856629,0.00247096994905737,-0.00343619566638252,-0.00143403834525646,0.0109410786946118,-0.00224287542786517,-0.0688691513945734,0.100533022826977,-0.154332086578029,0.106481771235558,-8.00629929084704e-05
"59",0.006737,0.0164805319412447,-0.0506695341136186,-0.0367598388906343,0.00540363394937266,0.0290919195191518,0.0110305788834656,0.0700040276528709,0.0103715989509543,0.00836000436173885,-0.0102830288769148,-0.00241941741056055,0.00116379113728925,0.000405799592562428,0.0749591655675347,0.00560130420632298,-0.0153475756894624,0.0543471392203676,0.0598555155825663,0.0366760697816364,-0.457460116594255,0.00113219500988087,0.0147064257157819,0.00553096157339255,0.0136281462828873,-0.0865051797952392,0.00731083981117993,0.0379702216316085,0,-0.0189135320165616,0.00271900217343633,0.0090161909648484,-0.017727079084863,-0.0764686284044449,0.0168491984260248,0.00541790013180068,0.00820268359332966,0.0542984567192597,-0.00472102859053127,0.0290447001316062,-0.0194191049585486,0.0212794771099773,0.124670136076703,0.0300322064654724,0.00291631870575922,0.0282179235556082,-0.0112158064165918,0.0143303267767706,-0.00484351442357748,-0.00398991521380277,0.0111602795608153,0.00475316826031115,0.0368657091977732,-0.0209903035262849,0.0868982582489031,-0.084048235503555,-0.0142877195283421
"60",0.010462,-0.0357304568460577,0.0218499711713777,0.00523666791294294,0.080473364282001,-0.0322077346506713,-0.0153792551441793,-0.0526036913907838,-0.0391152510672942,0.309768005070704,-0.0555038223497738,-0.0296966676883368,-0.000110686025544897,0.0323136755167955,-0.0313265910035957,-0.026169820255678,-0.0600269430612861,0.0401241885883852,0.114105572840517,-0.0192828138710077,-0.124994084472704,-0.00243526214259945,0.0164199972313273,-0.0219305986524105,0.0269483374053482,0.0694256365894324,-0.018093793648407,-0.0430945947669434,0,-0.0578904116575308,0.0879668887847263,0.00647424299423149,-0.0201999955643575,0.0798497592794844,-0.00648883512418954,0.00452074827332745,-0.0416164906262058,0.0291762977769514,-0.0146166459901207,-0.0409199907035248,0.0169556797620545,-0.0537514474135745,-0.0557370750382087,0.0394577136615122,-0.0200764480847362,-0.062067339901396,-0.00741184915795382,0.00408536060826876,-0.000470839211363615,-0.00469885231445373,0.0100958538437838,-0.00203451318441438,0.0308922240762691,-0.0207204798233404,-0.0050538124299013,-0.0100839666564909,0.00564056889642875
